Date,#Commit,Hash,Q1,Q2,Q3,Q4,Q5,Q6,Q7,Q8,Q9,Q10,Q11,Q12,Q13,Q14a,Q14b,Q15,Q16,Q17,Q18,Q19,Q20,Q21,Q22,Q23a,Q23b,Q24a,Q24b,Q25,Q26,Q27,Q28,Q29,Q30,Q31,Q32,Q33,Q34,Q35,Q36,Q37,Q38,Q39a,Q39b,Q40,Q41,Q42,Q43,Q44,Q45,Q46,Q47,Q48,Q49,Q50,Q51,Q52,Q53,Q54,Q55,Q56,Q57,Q58,Q59,Q60,Q61,Q62,Q63,Q64,Q65,Q66,Q67,Q68,Q69,Q70,Q71,Q72,Q73,Q74,Q75,Q76,Q77,Q78,Q79,Q80,Q81,Q82,Q83,Q84,Q85,Q86,Q87,Q88,Q89,Q90,Q91,Q92,Q93,Q94,Q95,Q96,Q97,Q98,Q99,Q5A-v2.7,Q6-v2.7,Q10A-v2.7,Q11-v2.7,Q12-v2.7,Q14-v2.7,Q14A-v2.7,Q18A-v2.7,Q20-v2.7,Q22-v2.7,Q22A-v2.7,Q24-v2.7,Q27A-v2.7,Q34-v2.7,Q35-v2.7,Q35A-v2.7,Q36A-v2.7,Q47-v2.7,Q49-v2.7,Q51A-v2.7,Q57-v2.7,Q64-v2.7,Q67A-v2.7,Q70A-v2.7,Q72-v2.7,Q74-v2.7,Q75-v2.7,Q77A-v2.7,Q78-v2.7,Q80A-v2.7,Q86A-v2.7,Q98-v2.7
2020/10/9 09:37,0,f8277d3aa308d267ff0423f85ffd884480cedf59,4664,8762,3538,377165,36066,34056,7972,3711,30324,7669,31130,1173,9787,182754,172075,8076,43001,140478,7316,5159,1748,1392,5632,237983,242322,86350,86173,140356,3441,8102,24295,139011,2665,13147,3001,6621,5294,11084,9475,7986,27158,2643,2617,26890,235,3176,5890,5478,1790,8244,17917,14758,25408,40327,48135,3326,4765,36636,3138,6552,5727,6582,12169,6725,11661,2471,4696,165785,18074,6968,143237,8481,6981,11010,6748,220852,4897,20721,39493,5256,6905,130113,7724,178988,3132,19082,1192,4054,8112,1999,33422,22388,5341,1291,814,1786,95479,21305,174625,2920,34340,4214,4616,36234,33827,7448,31302,1112,169327,190578,22102,1733,26211,3112,87177,21691,5219,10995,11020,7599,17986,25301,797023,5711,167989,181339,9203,219443,20729,39604,7685,130573,177527,1696,4139
2020/10/10 09:37,0,f8277d3aa308d267ff0423f85ffd884480cedf59,4664,8762,3538,377165,36066,34056,7972,3711,30324,7669,31130,1173,9787,182754,172075,8076,43001,140478,7316,5159,1748,1392,5632,237983,242322,86350,86173,140356,3441,8102,24295,139011,2665,13147,3001,6621,5294,11084,9475,7986,27158,2643,2617,26890,235,3176,5890,5478,1790,8244,17917,14758,25408,40327,48135,3326,4765,36636,3138,6552,5727,6582,12169,6725,11661,2471,4696,165785,18074,6968,143237,8481,6981,11010,6748,220852,4897,20721,39493,5256,6905,130113,7724,178988,3132,19082,1192,4054,8112,1999,33422,22388,5341,1291,814,1786,95479,21305,174625,2920,34340,4214,4616,36234,33827,7448,31302,1112,169327,190578,22102,1733,26211,3112,87177,21691,5219,10995,11020,7599,17986,25301,797023,5711,167989,181339,9203,219443,20729,39604,7685,130573,177527,1696,4139
2020/10/11 09:37,0,f8277d3aa308d267ff0423f85ffd884480cedf59,4664,8762,3538,377165,36066,34056,7972,3711,30324,7669,31130,1173,9787,182754,172075,8076,43001,140478,7316,5159,1748,1392,5632,237983,242322,86350,86173,140356,3441,8102,24295,139011,2665,13147,3001,6621,5294,11084,9475,7986,27158,2643,2617,26890,235,3176,5890,5478,1790,8244,17917,14758,25408,40327,48135,3326,4765,36636,3138,6552,5727,6582,12169,6725,11661,2471,4696,165785,18074,6968,143237,8481,6981,11010,6748,220852,4897,20721,39493,5256,6905,130113,7724,178988,3132,19082,1192,4054,8112,1999,33422,22388,5341,1291,814,1786,95479,21305,174625,2920,34340,4214,4616,36234,33827,7448,31302,1112,169327,190578,22102,1733,26211,3112,87177,21691,5219,10995,11020,7599,17986,25301,797023,5711,167989,181339,9203,219443,20729,39604,7685,130573,177527,1696,4139
2020/10/12 09:37,0,f8277d3aa308d267ff0423f85ffd884480cedf59,4664,8762,3538,377165,36066,34056,7972,3711,30324,7669,31130,1173,9787,182754,172075,8076,43001,140478,7316,5159,1748,1392,5632,237983,242322,86350,86173,140356,3441,8102,24295,139011,2665,13147,3001,6621,5294,11084,9475,7986,27158,2643,2617,26890,235,3176,5890,5478,1790,8244,17917,14758,25408,40327,48135,3326,4765,36636,3138,6552,5727,6582,12169,6725,11661,2471,4696,165785,18074,6968,143237,8481,6981,11010,6748,220852,4897,20721,39493,5256,6905,130113,7724,178988,3132,19082,1192,4054,8112,1999,33422,22388,5341,1291,814,1786,95479,21305,174625,2920,34340,4214,4616,36234,33827,7448,31302,1112,169327,190578,22102,1733,26211,3112,87177,21691,5219,10995,11020,7599,17986,25301,797023,5711,167989,181339,9203,219443,20729,39604,7685,130573,177527,1696,4139
2020/10/13 09:37,0,f8277d3aa308d267ff0423f85ffd884480cedf59,4664,8762,3538,377165,36066,34056,7972,3711,30324,7669,31130,1173,9787,182754,172075,8076,43001,140478,7316,5159,1748,1392,5632,237983,242322,86350,86173,140356,3441,8102,24295,139011,2665,13147,3001,6621,5294,11084,9475,7986,27158,2643,2617,26890,235,3176,5890,5478,1790,8244,17917,14758,25408,40327,48135,3326,4765,36636,3138,6552,5727,6582,12169,6725,11661,2471,4696,165785,18074,6968,143237,8481,6981,11010,6748,220852,4897,20721,39493,5256,6905,130113,7724,178988,3132,19082,1192,4054,8112,1999,33422,22388,5341,1291,814,1786,95479,21305,174625,2920,34340,4214,4616,36234,33827,7448,31302,1112,169327,190578,22102,1733,26211,3112,87177,21691,5219,10995,11020,7599,17986,25301,797023,5711,167989,181339,9203,219443,20729,39604,7685,130573,177527,1696,4139
2020/10/14 09:37,0,f8277d3aa308d267ff0423f85ffd884480cedf59,4664,8762,3538,377165,36066,34056,7972,3711,30324,7669,31130,1173,9787,182754,172075,8076,43001,140478,7316,5159,1748,1392,5632,237983,242322,86350,86173,140356,3441,8102,24295,139011,2665,13147,3001,6621,5294,11084,9475,7986,27158,2643,2617,26890,235,3176,5890,5478,1790,8244,17917,14758,25408,40327,48135,3326,4765,36636,3138,6552,5727,6582,12169,6725,11661,2471,4696,165785,18074,6968,143237,8481,6981,11010,6748,220852,4897,20721,39493,5256,6905,130113,7724,178988,3132,19082,1192,4054,8112,1999,33422,22388,5341,1291,814,1786,95479,21305,174625,2920,34340,4214,4616,36234,33827,7448,31302,1112,169327,190578,22102,1733,26211,3112,87177,21691,5219,10995,11020,7599,17986,25301,797023,5711,167989,181339,9203,219443,20729,39604,7685,130573,177527,1696,4139
2020/10/15 09:37,0,f8277d3aa308d267ff0423f85ffd884480cedf59,4664,8762,3538,377165,36066,34056,7972,3711,30324,7669,31130,1173,9787,182754,172075,8076,43001,140478,7316,5159,1748,1392,5632,237983,242322,86350,86173,140356,3441,8102,24295,139011,2665,13147,3001,6621,5294,11084,9475,7986,27158,2643,2617,26890,235,3176,5890,5478,1790,8244,17917,14758,25408,40327,48135,3326,4765,36636,3138,6552,5727,6582,12169,6725,11661,2471,4696,165785,18074,6968,143237,8481,6981,11010,6748,220852,4897,20721,39493,5256,6905,130113,7724,178988,3132,19082,1192,4054,8112,1999,33422,22388,5341,1291,814,1786,95479,21305,174625,2920,34340,4214,4616,36234,33827,7448,31302,1112,169327,190578,22102,1733,26211,3112,87177,21691,5219,10995,11020,7599,17986,25301,797023,5711,167989,181339,9203,219443,20729,39604,7685,130573,177527,1696,4139
2020/10/16 09:37,0,f8277d3aa308d267ff0423f85ffd884480cedf59,4664,8762,3538,377165,36066,34056,7972,3711,30324,7669,31130,1173,9787,182754,172075,8076,43001,140478,7316,5159,1748,1392,5632,237983,242322,86350,86173,140356,3441,8102,24295,139011,2665,13147,3001,6621,5294,11084,9475,7986,27158,2643,2617,26890,235,3176,5890,5478,1790,8244,17917,14758,25408,40327,48135,3326,4765,36636,3138,6552,5727,6582,12169,6725,11661,2471,4696,165785,18074,6968,143237,8481,6981,11010,6748,220852,4897,20721,39493,5256,6905,130113,7724,178988,3132,19082,1192,4054,8112,1999,33422,22388,5341,1291,814,1786,95479,21305,174625,2920,34340,4214,4616,36234,33827,7448,31302,1112,169327,190578,22102,1733,26211,3112,87177,21691,5219,10995,11020,7599,17986,25301,797023,5711,167989,181339,9203,219443,20729,39604,7685,130573,177527,1696,4139
2020/10/17 09:37,0,f8277d3aa308d267ff0423f85ffd884480cedf59,4664,8762,3538,377165,36066,34056,7972,3711,30324,7669,31130,1173,9787,182754,172075,8076,43001,140478,7316,5159,1748,1392,5632,237983,242322,86350,86173,140356,3441,8102,24295,139011,2665,13147,3001,6621,5294,11084,9475,7986,27158,2643,2617,26890,235,3176,5890,5478,1790,8244,17917,14758,25408,40327,48135,3326,4765,36636,3138,6552,5727,6582,12169,6725,11661,2471,4696,165785,18074,6968,143237,8481,6981,11010,6748,220852,4897,20721,39493,5256,6905,130113,7724,178988,3132,19082,1192,4054,8112,1999,33422,22388,5341,1291,814,1786,95479,21305,174625,2920,34340,4214,4616,36234,33827,7448,31302,1112,169327,190578,22102,1733,26211,3112,87177,21691,5219,10995,11020,7599,17986,25301,797023,5711,167989,181339,9203,219443,20729,39604,7685,130573,177527,1696,4139
2020/10/18 09:37,0,f8277d3aa308d267ff0423f85ffd884480cedf59,4664,8762,3538,377165,36066,34056,7972,3711,30324,7669,31130,1173,9787,182754,172075,8076,43001,140478,7316,5159,1748,1392,5632,237983,242322,86350,86173,140356,3441,8102,24295,139011,2665,13147,3001,6621,5294,11084,9475,7986,27158,2643,2617,26890,235,3176,5890,5478,1790,8244,17917,14758,25408,40327,48135,3326,4765,36636,3138,6552,5727,6582,12169,6725,11661,2471,4696,165785,18074,6968,143237,8481,6981,11010,6748,220852,4897,20721,39493,5256,6905,130113,7724,178988,3132,19082,1192,4054,8112,1999,33422,22388,5341,1291,814,1786,95479,21305,174625,2920,34340,4214,4616,36234,33827,7448,31302,1112,169327,190578,22102,1733,26211,3112,87177,21691,5219,10995,11020,7599,17986,25301,797023,5711,167989,181339,9203,219443,20729,39604,7685,130573,177527,1696,4139
2020/10/19 09:36,8,35133901f79209bd5e6e3e17531095d0ecae737d,4632,8764,3514,375378,35970,34045,7875,3670,30074,7714,31047,1154,9595,183691,171644,8239,42991,139762,7402,5037,1767,1378,5811,237602,242452,86339,86353,140638,3441,8096,23844,138073,2657,13109,2999,6555,5213,11031,9594,7988,24893,2659,2610,27086,234,3140,5969,5409,1723,8188,17526,14587,25262,40184,47162,3166,4707,37887,3179,6503,5746,6615,12415,6624,11464,2480,4698,163898,17986,7084,141867,8252,6853,11054,6824,220439,4987,20641,39393,5345,6903,130253,7741,174132,3128,19016,1193,4036,8036,2005,30285,22610,5350,1290,837,1764,93744,21201,184424,2958,33581,4151,4647,35990,33700,7394,31350,1117,167270,189643,21874,1750,26377,3124,86545,21744,5234,10832,10925,7640,17455,25327,799886,5655,167261,181240,9128,218389,20753,39491,7723,129487,174524,1649,4169
2020/10/20 13:31,9,dcb08204339e2291727be8e1a206e272652f9ae4,4716,8722,3495,376893,36346,33350,7827,3691,29894,7711,30891,1165,9605,183930,172602,8168,42973,140493,7442,5101,1765,1376,5546,236956,243702,86346,86566,140399,3401,7999,23818,138749,2683,13229,3022,6581,5234,11076,9475,7900,24701,2682,2631,27050,245,3151,6045,5397,1796,8319,17431,14544,25260,40224,47225,3140,4891,37614,3015,6526,5671,6565,12551,6614,11537,2504,4709,165568,17648,6967,141740,8230,6965,10923,6780,220988,4927,20926,39698,5379,6913,130638,7825,175726,3190,18895,1245,4022,8270,2013,30330,22923,5326,1329,855,1961,95720,21238,174539,2966,33292,4181,4617,36340,33326,7546,31564,1131,168312,191557,21957,1729,26447,3161,87046,21912,5260,11091,11187,7658,17882,25416,795372,5698,171389,180375,9395,219028,20950,39633,7840,130789,177439,1712,4167
2020/10/21 21:34,1,618695b78fe93ae6506650ecfbebe807a43c5f0c,4656,8697,3491,376043,35621,33697,7767,3641,29833,7693,30736,1142,9505,184056,175133,8099,43508,140063,7479,4975,1746,1366,5465,236309,241453,87222,87229,140249,3381,8013,23753,138548,2572,12803,2983,6507,5175,11048,9324,8045,24520,2610,2632,27358,228,3137,5848,5371,1661,8200,17196,15039,25613,40694,46476,3129,4682,37847,3117,6397,5634,6451,12023,6565,11507,2495,4659,162811,17650,6951,140259,8232,6884,10859,6784,219728,4873,20367,39185,5300,6995,127980,7726,170981,3073,19150,1192,3948,8097,1984,30135,22466,5260,1292,807,1747,92336,21195,174997,2932,32714,4118,4651,35912,33166,7422,30901,1092,167554,189305,21845,1721,25890,3092,87074,21675,5192,10920,10906,7517,17135,25384,792267,5646,164514,179247,9071,219751,20453,39192,7668,128025,174341,1667,4158
2020/10/22 21:36,14,a03d77d32696f5a33770e9bee654acde904da7d4,4654,8708,3604,378753,35936,33620,7997,3823,30161,7909,31239,1195,9929,184666,175399,7978,43332,140131,7396,5251,1770,1410,5486,235286,241815,86523,86821,141455,3463,8100,24142,137444,2618,13882,3007,6818,5514,11228,9519,7994,24364,2619,2599,27075,239,3291,6063,5531,1741,8727,17340,15210,25526,40280,47621,3106,4895,38253,3235,6795,5618,6697,12276,6860,11965,2492,4891,163538,17681,7026,140520,8636,7098,11224,6893,220556,5265,20896,40022,5435,7058,128919,8162,174893,3072,19177,1192,3920,8202,2056,30080,24125,5410,1389,835,1816,93211,21358,174069,3138,32707,4250,4625,35780,33458,7655,31408,1131,167744,190210,21974,1735,28419,3074,87070,22477,5580,11137,11076,7667,17421,25599,790253,5585,166337,179174,9532,220936,20893,39888,7931,129967,174382,1688,4236
2020/10/23 21:35,6,10bd42cd475eea8d5e5689e770e4773cebf62374,4704,8981,3503,375344,35798,33507,7908,3690,30079,7610,30669,1149,9693,181855,174747,8589,43267,141452,7214,5096,1792,1387,5546,234576,240789,86009,86014,139015,3414,8010,23815,138054,2583,13315,2995,6554,5226,10899,9610,7953,24410,2621,2718,27198,230,3151,5896,5446,1635,8392,17274,14713,25422,40798,46709,3183,4724,36179,3177,6419,5633,6600,12025,6626,11557,2451,4747,163944,17291,6979,139579,8307,7039,11175,6692,219723,5054,20624,39456,5391,6961,129773,7893,172263,3082,18992,1181,3880,7995,1980,30344,23330,5349,1300,821,1767,92757,21439,176600,3035,34887,4222,4571,35860,33604,7610,31039,1144,168520,193125,22259,1751,25913,3091,87404,22346,5350,10997,11080,7652,17383,25627,791417,5645,164597,181392,9402,218707,20830,39925,7822,131720,176683,1717,4223
2020/10/24 21:34,2,d7f15b025b16c99768516cfb7fd96ab2e6ee1c2b,4546,8489,3500,373884,35395,33336,7869,3693,29914,7663,30780,1184,9640,181358,174362,7993,42907,139043,7332,5081,1752,1392,5474,235619,242756,85772,85664,138359,3445,8044,24000,136694,2644,13039,2985,6570,5217,10851,9364,7926,27170,2632,2559,26902,232,3147,6058,5421,1675,8246,17689,14572,25075,40502,46940,3157,4751,37417,3136,6512,5740,6516,12054,6607,11587,2459,4775,163040,17455,7029,146625,8307,6812,10988,6744,219326,4860,20421,39153,5229,7009,128167,7678,171471,3112,18817,1176,3973,7902,1984,33253,22445,5331,1285,807,1755,92672,21063,174229,2909,32812,4166,4611,35685,33011,7494,30868,1098,166578,191581,21675,1716,25874,3071,86000,21631,5145,10919,11007,7468,17555,25216,799803,5671,164980,183144,9101,217898,20488,39174,7683,128159,174924,1642,4253
2020/10/25 21:35,2,0c66a88d1d1336c9f3b474622315254952cbd56e,4677,8596,3510,375703,35483,34849,7804,3665,29895,7694,30723,1160,9511,180435,172572,8033,43084,139125,7310,5011,1740,1349,5479,236224,241207,86055,85913,138398,3461,8023,23953,137401,2621,13000,2989,6486,5166,10728,9229,8015,27087,2617,2646,27223,230,3130,6002,5381,1718,8118,17721,14607,25246,40326,46853,3151,4713,36152,3170,6458,5670,6586,12334,6578,11455,2458,4694,161377,17430,7003,143570,8170,6815,10908,6881,219221,5060,20564,39629,5351,7072,128951,7902,170153,3144,19065,1179,3938,8102,2050,33313,23425,5364,1322,817,1786,92652,21153,174364,3050,33209,4170,4601,35677,33058,7444,31022,1107,166961,190626,21806,1709,27899,3099,86789,22030,5390,10870,10849,7514,17742,25483,801211,5703,165406,180976,9298,219123,20835,39535,7767,127655,174406,1663,4172
2020/10/26 21:33,9,11bbb130df7b083f42acf0207531efe3912d89eb,4544,8687,3528,375753,35870,33070,7816,3677,30004,7643,30320,1173,9548,183662,174178,8050,42981,139198,7327,5047,1757,1367,5457,235167,239543,85723,85974,139230,3427,8016,23868,137238,2595,12995,2929,6511,5178,10784,9318,7969,24451,2681,2603,27145,234,3153,6009,5386,1714,8247,17173,14556,25234,40249,46327,3156,4764,37350,2995,6479,5665,6595,12099,6604,11551,2465,4774,162183,17425,7017,143095,8324,6878,10954,6791,219090,4890,20496,39225,5264,7019,128708,7735,171116,3057,18998,1186,3896,7908,1983,30285,22785,5385,1282,827,1778,92270,21126,172263,2930,32741,4237,4615,35681,33367,7376,30935,1154,165841,188160,21793,1738,25877,3109,86528,22017,5213,10809,10935,7497,17240,25329,794452,5592,164837,181134,9135,217097,20391,39347,7685,128018,174489,1665,4195
2020/10/27 21:35,10,f284218dae23bf91e72e221943188cdb85e13dac,4601,8776,3464,376193,35638,33564,7847,3690,29894,7761,31512,1155,9619,184155,174690,7992,43398,140744,7358,5002,1773,1370,5421,235611,240391,87297,87085,140416,3378,8017,23694,140009,2620,13002,2970,6529,5207,11029,9346,8004,24513,2650,2575,27251,239,2973,5970,5414,1644,8228,17199,14413,25476,40654,46865,3158,4838,37797,3172,6399,5595,6581,12112,6611,11555,2456,4710,163097,17183,6934,140604,8238,6873,11025,6656,220988,4914,20426,39560,5252,6866,129200,7752,173520,3121,19333,1182,3994,8058,1978,29953,22575,5297,1279,831,1757,93234,21434,178300,2949,32978,4188,4682,35731,33661,7479,31155,1108,168257,190658,21602,1787,25701,3109,86956,21921,5205,10999,11001,7502,17313,25516,803151,5583,165608,181946,9326,217299,20453,39573,7659,129085,173568,1648,4151
2020/10/28 21:36,12,a6216e2446b6befc3f6d6b370e694421aadda9dd,4618,8716,3478,376439,35585,33879,7822,3726,29985,7740,30840,1144,9689,183094,170778,8092,43223,140564,7398,5006,1772,1362,5602,238328,244440,87075,86807,139205,3394,7987,23734,138676,2650,13051,2966,6517,5217,11016,9548,8178,26987,2610,2583,27269,230,3185,6060,5407,1644,8259,17714,14514,25363,40377,47565,3034,4738,37123,3159,6510,5715,6578,12124,6536,11616,2480,4691,163039,17350,7010,141954,8261,6845,10979,6779,220476,4897,20493,39359,5226,6860,128937,7654,173137,3112,19467,1196,3973,8027,2015,33145,22469,5267,1290,814,1912,93046,21451,175191,2922,32732,4154,4639,35482,33051,7404,30976,1139,171089,193627,21600,1726,26272,3109,86717,21974,5191,11196,11328,7637,17714,25393,806364,5781,165106,181865,9282,217991,20526,39487,7746,129893,174279,1674,4155
2020/10/30 07:11,0,fcf8aa59b5025dde9b4af36953146894659967e2,4819,8756,3568,356885,36323,33232,7902,3721,30181,7785,31275,1189,9646,184721,174691,8222,43374,140460,7435,5041,1824,1394,5695,236986,242207,86177,86332,140438,3472,8014,24017,139307,2757,12907,3053,6637,5238,10832,9562,7917,24575,2707,2656,27385,263,3028,6134,5513,1765,8439,17713,14770,25467,40548,47316,3176,4791,37436,3035,6585,5822,6637,12618,6730,11687,2527,4726,167356,18150,7061,142269,8324,6920,10999,6753,220743,5027,21029,39798,5376,7041,130940,7906,176787,3202,18889,1281,4104,8219,2036,30417,23168,5374,1328,857,1820,95306,21227,174180,3006,33770,4234,4653,36520,33312,7570,31566,1132,168587,193775,22234,1752,26556,3195,86815,22324,5324,11113,11243,7757,17745,25580,790941,5724,168972,180333,9410,219468,21106,39890,8099,129796,177400,1750,4205
2020/10/31 10:43,0,034070a23aa8bcecc351bb2fec413e1662dcbb75,4562,8652,3492,375029,35924,33509,7861,3666,30082,7618,31052,1235,9659,186602,178056,8725,42864,145728,7308,5071,1830,1632,5737,237733,241900,85774,85479,141158,3415,8070,24021,139831,2666,13203,3194,6736,5314,11188,9558,8138,24226,2693,2665,27681,371,3402,6195,5746,1847,8406,17875,14978,26088,41589,47333,3263,4745,36477,3032,6538,5775,6818,10952,6657,11845,2626,4797,162420,17889,7205,142882,8264,6937,10660,6954,220358,4850,20606,38590,5301,7086,125527,7498,167574,3572,19149,1495,4196,8135,2071,30438,22808,5397,1331,1176,2050,92182,20570,171675,3010,33335,4320,4704,35084,33956,7647,30904,1171,165684,190294,21927,1814,24238,3409,84426,21879,5245,11055,10910,7782,17868,25725,799637,5908,167934,182626,9401,220362,21114,39177,8077,124422,168794,1777,4284
2020/11/01 10:43,0,034070a23aa8bcecc351bb2fec413e1662dcbb75,4562,8652,3492,375029,35924,33509,7861,3666,30082,7618,31052,1235,9659,186602,178056,8725,42864,145728,7308,5071,1830,1632,5737,237733,241900,85774,85479,141158,3415,8070,24021,139831,2666,13203,3194,6736,5314,11188,9558,8138,24226,2693,2665,27681,371,3402,6195,5746,1847,8406,17875,14978,26088,41589,47333,3263,4745,36477,3032,6538,5775,6818,10952,6657,11845,2626,4797,162420,17889,7205,142882,8264,6937,10660,6954,220358,4850,20606,38590,5301,7086,125527,7498,167574,3572,19149,1495,4196,8135,2071,30438,22808,5397,1331,1176,2050,92182,20570,171675,3010,33335,4320,4704,35084,33956,7647,30904,1171,165684,190294,21927,1814,24238,3409,84426,21879,5245,11055,10910,7782,17868,25725,799637,5908,167934,182626,9401,220362,21114,39177,8077,124422,168794,1777,4284
2020/11/02 10:43,0,034070a23aa8bcecc351bb2fec413e1662dcbb75,4562,8652,3492,375029,35924,33509,7861,3666,30082,7618,31052,1235,9659,186602,178056,8725,42864,145728,7308,5071,1830,1632,5737,237733,241900,85774,85479,141158,3415,8070,24021,139831,2666,13203,3194,6736,5314,11188,9558,8138,24226,2693,2665,27681,371,3402,6195,5746,1847,8406,17875,14978,26088,41589,47333,3263,4745,36477,3032,6538,5775,6818,10952,6657,11845,2626,4797,162420,17889,7205,142882,8264,6937,10660,6954,220358,4850,20606,38590,5301,7086,125527,7498,167574,3572,19149,1495,4196,8135,2071,30438,22808,5397,1331,1176,2050,92182,20570,171675,3010,33335,4320,4704,35084,33956,7647,30904,1171,165684,190294,21927,1814,24238,3409,84426,21879,5245,11055,10910,7782,17868,25725,799637,5908,167934,182626,9401,220362,21114,39177,8077,124422,168794,1777,4284
2020/11/03 10:43,0,034070a23aa8bcecc351bb2fec413e1662dcbb75,4562,8652,3492,375029,35924,33509,7861,3666,30082,7618,31052,1235,9659,186602,178056,8725,42864,145728,7308,5071,1830,1632,5737,237733,241900,85774,85479,141158,3415,8070,24021,139831,2666,13203,3194,6736,5314,11188,9558,8138,24226,2693,2665,27681,371,3402,6195,5746,1847,8406,17875,14978,26088,41589,47333,3263,4745,36477,3032,6538,5775,6818,10952,6657,11845,2626,4797,162420,17889,7205,142882,8264,6937,10660,6954,220358,4850,20606,38590,5301,7086,125527,7498,167574,3572,19149,1495,4196,8135,2071,30438,22808,5397,1331,1176,2050,92182,20570,171675,3010,33335,4320,4704,35084,33956,7647,30904,1171,165684,190294,21927,1814,24238,3409,84426,21879,5245,11055,10910,7782,17868,25725,799637,5908,167934,182626,9401,220362,21114,39177,8077,124422,168794,1777,4284
2020/11/04 04:56,6,b7fff0397319efd2987d4cceff4f738f1c06409d,4660,8525,3498,375621,35792,33747,7987,3686,30445,7733,30748,1229,9652,186704,178495,8443,42810,140458,7240,5066,1828,1656,5627,235696,242190,85973,86422,141991,3514,8045,24108,141274,2743,13426,3235,6758,5377,11242,9555,8253,24230,2701,2731,27789,405,3237,6045,5798,1925,8601,18206,15078,26242,42194,48528,3135,4804,36519,3181,6568,6079,6765,10981,6731,12418,2673,5054,163478,18463,7228,143922,8827,7216,11428,6978,219829,4793,20686,38904,5256,7098,125600,7512,171315,3528,19527,1496,4193,8296,2019,30957,22661,5418,1323,1166,2064,94667,20470,172500,2996,32911,4366,4745,34758,33532,7457,30785,1188,164868,188418,21700,1831,25308,3491,86195,21783,5244,11041,10976,7751,17801,25917,866505,5837,164205,181552,9328,222291,21237,39338,7990,125342,169769,1777,4209
2020/11/08 21:48,1,1090b1b00a4aa6168fd5b69f227f28309c42b6fd,4622,8792,3524,376663,35608,33855,7886,3702,30174,7703,31051,1222,9663,185357,173496,8707,42583,138166,7436,5068,1762,1689,5667,233539,240625,86583,86225,141455,3412,8007,23989,140388,2640,13133,3165,6768,5328,11534,9543,8350,24062,2706,2653,28004,254,3038,5919,5473,1694,8230,17504,15566,25796,41256,47941,3024,4733,37055,3040,6341,5709,6638,12509,6649,11633,2484,4739,168936,17408,7169,144956,8274,6938,10760,7256,217134,4785,20440,38561,5244,7044,122698,7462,169612,3510,19511,1421,4039,8079,2014,29823,22750,5442,1335,833,1814,93658,20949,172738,2911,33851,4253,4632,34991,33500,7434,30865,1185,166807,188762,21987,1770,25438,3119,87044,21778,5232,10808,10811,7644,17470,25329,802673,5728,164070,180633,9228,218078,20933,39386,7952,123455,166398,1721,4257
2020/11/06 16:00,0,93ad26be01a47fb075310a26188e238d55110098,4759,8765,3601,379304,36578,33925,8156,3766,30808,7822,31264,1247,9898,190905,182970,8838,43060,142353,7459,5170,1821,1722,5905,239668,246157,86796,86718,144757,3504,8104,24171,144430,2729,13455,3252,6839,5421,11386,9665,8469,24312,2754,2706,27984,280,3066,5960,5633,1834,8399,17943,16102,25853,41018,48961,3088,4835,37605,3114,6527,5829,6787,12404,6773,11843,2512,4833,172508,18415,7112,146779,8435,6981,11027,7047,225246,4856,21150,39332,5350,6965,127937,7691,172055,3597,19556,1474,4212,8569,2051,30203,22755,5528,1320,875,1856,97786,21337,174229,2919,35598,4402,4715,35350,34134,7678,31671,1191,168767,193073,22511,1834,26075,3203,87663,22164,5266,11151,11153,7755,18404,26300,815329,5921,174382,186387,9382,219626,21758,40096,8193,129766,179435,1927,4488
2020/11/10 00:00,12,83a80796aa5b1ecfbe0ebc4c385932d93fd578ea,5013,8662,3585,378923,36767,34333,8038,3760,30375,7882,31424,1253,9749,189591,185293,8683,43870,144906,7550,5156,1841,1641,5859,240600,246897,86370,85961,145003,3485,8228,24418,143279,2755,13746,3282,6905,5435,11448,9708,8297,24378,2763,2677,27642,259,3108,6015,5637,1822,8432,17995,15881,25936,40694,49811,3110,4873,37377,3103,6499,5873,6885,12469,6824,11821,2529,4832,174665,18482,7240,147567,8554,7052,11097,7211,224605,4862,21167,39434,5379,7162,127293,7597,172792,3626,19332,1515,4297,8535,2156,30410,23027,5457,1344,845,1838,96739,21205,172560,2947,35764,4302,4620,35810,34187,7619,31390,1189,168716,192970,22417,1858,25994,3181,87604,21616,5166,11152,11343,7866,19368,26857,805857,5894,176360,188823,9329,220286,21606,39846,8125,127583,169916,1786,4311
2020/11/11 00:00,15,122c8999cbf2a1f9484ae973864a843cfa32b6c6,4955,8792,3588,377779,36436,34145,7978,3744,30153,7842,31085,1262,9754,185290,172145,9009,43332,140703,7471,5071,1809,1656,5711,238953,246060,86604,86747,143469,3515,8191,24525,141414,2719,13344,3215,6852,5490,11168,9570,8188,24357,2939,2843,27882,252,3069,6008,5547,1783,8125,17837,16061,25930,41381,47916,3067,4775,37164,3088,6543,5871,7242,12762,6749,11899,2632,4781,169626,17924,7118,145488,8131,6888,10986,7315,217725,5031,20988,39546,5452,7086,125188,7798,169245,3490,19339,1508,4102,8401,2053,29861,22763,5488,1343,903,1851,93875,21152,173692,2971,34585,4324,4649,35062,34704,7807,31173,1199,167856,191631,22001,1810,25719,3193,87646,21773,5282,11237,11346,7741,17989,25661,801720,5878,167834,180108,9410,219793,20924,39518,8009,125091,167361,1740,4263
2020/11/15 00:00,35,156704ba0dfcae39a80b8f0ce778b73913db03b2,4852,8817,3531,363122,36514,34031,7983,3726,30350,7964,31362,1248,9701,187662,181482,8578,42953,143121,7734,5109,1811,1660,5647,238721,245532,86401,86538,144145,3449,8157,24188,142562,2715,13519,3226,6860,5524,11259,9565,8317,24233,2883,2877,28072,250,3080,5973,5548,1763,8182,18009,15977,25914,41449,48224,3105,4846,37059,3085,6571,5923,7171,12577,6733,11930,2619,4807,170183,18025,7047,144749,8170,6970,10857,7163,222273,4869,20764,39506,5381,6979,127194,7587,169048,3514,19361,1482,4162,8364,2040,30078,22900,5493,1362,899,1852,94179,21348,176324,2938,35111,4301,4646,35042,34456,7683,31395,1177,168328,190992,22191,1817,26340,3183,88043,21892,5285,11243,11366,7733,17775,25977,800285,5833,169564,180079,9462,221805,21164,40071,8167,126249,168551,1752,4399
2020/11/16 00:00,23,928348408eac59eaa0c8ad6412d36ea8e8bea83f,4733,8716,3634,359211,36420,34386,8112,3757,30553,7807,31573,1260,9799,191916,176215,8854,43621,143232,7600,5070,1843,1661,5658,237269,244530,87002,87071,144037,3449,8080,24211,141741,2727,13491,3190,6886,5269,11469,9603,8326,23993,2733,2760,27800,256,3086,5953,5545,1733,8214,17827,15823,25990,41158,48139,3086,4800,37678,3060,6428,5824,6845,12690,6750,11635,2510,4767,169393,17751,7108,152081,8357,7012,10865,7172,220946,4848,20974,39278,5339,6970,126547,7581,169168,3557,19733,1448,4132,8369,2106,30163,22795,5425,1342,863,1810,94571,21094,129644,2927,32836,4327,4664,35340,34323,7683,31105,1207,168101,193089,21970,1844,26274,3166,87127,22043,5250,11078,11204,7758,17826,26235,806861,5891,170672,180169,9409,220794,21189,39776,8196,125819,168397,1808,4294
2020/11/17 00:00,12,1df69f7e324aa799c05f6158e433371c5eeed8ce,4649,8686,3624,380544,37622,34146,8004,3773,30274,7814,31168,1259,9776,189086,180169,8883,43809,142563,7467,5110,1842,1687,5702,238790,245242,86694,86708,146133,3539,8352,24603,145513,2811,13684,3215,6830,5416,11636,9779,8425,24573,2782,2728,28192,274,3082,5955,5639,1798,8398,18328,15862,26050,41185,49636,3059,4808,37650,3057,6532,5912,6935,12331,6773,11765,2499,4832,175326,18495,7243,147745,8511,7014,10774,7104,215147,4871,21197,39669,5371,7095,127918,7632,172937,3679,19481,1520,4299,8282,2091,30537,22974,5494,1356,935,1874,95825,21211,130824,2941,35174,4312,4624,36002,34267,7813,31495,1208,171799,193181,22835,1844,26399,3235,88037,21914,5320,11246,11366,7735,18785,25918,817350,6042,174440,183495,9479,221124,21587,40223,8350,127334,171698,1834,4351
2020/11/18 00:00,14,21b13506cd822ed7db343bff4ca25d9555178f10,4849,8689,3586,379280,36508,34545,8048,3744,30406,7886,31785,1262,9817,192245,178634,8620,43184,146683,7514,5185,1822,1719,5857,240431,246386,87507,87024,143704,3488,8062,24341,143365,2713,13388,3187,6852,5498,11063,9705,8425,24212,2896,2861,27639,271,3067,5926,5560,1782,8071,17897,16114,25776,40843,47865,3090,4838,38751,3080,6525,6028,7257,12455,6737,11996,2606,4775,168527,17874,7102,146226,8083,6966,10763,7045,221930,4835,20820,39276,5323,6996,126138,7575,169601,3693,19790,1462,4161,8305,2062,30305,23289,5462,1360,859,1815,94848,21256,129877,2961,34519,4359,4646,35589,34290,7538,31311,1195,168071,190985,22436,1822,25652,3188,87461,22088,5207,11165,11111,7752,18032,25862,812432,5905,167482,181754,9621,219032,21079,39542,8209,125524,169544,1770,4280
2020/11/22 00:00,32,1bd897cbc4fe30eb8b7740c7232aae87081e8e33,4685,8828,3623,378758,36294,34305,7986,3729,30425,7895,31123,1289,9749,189395,180589,8711,43705,144219,7668,5054,1856,1685,5617,239163,247475,86082,85927,143832,3490,8323,24713,141950,2721,13466,3234,6926,5416,11589,9771,8356,24626,2824,2771,27924,266,3089,6028,5651,1820,8311,17717,16219,25987,40500,48387,3101,4906,37695,3125,6576,5986,7038,12235,6930,11868,2517,4856,169528,18078,7220,148178,8406,6943,10813,7314,223984,5033,21132,39750,5485,7148,126405,7785,170721,3717,19764,1520,4143,8402,2064,30572,22967,5519,1353,924,1833,94210,21279,129897,2931,34760,4336,4768,35193,34431,7628,31452,1223,170299,195348,22421,1880,25876,3218,88284,21718,5210,11077,11093,7890,18185,26393,827173,5957,172371,182236,9619,218539,21348,40096,8341,125809,168130,1832,4384
2020/11/23 00:00,8,95b6dabc33515f1975eb889480ccca12bf5ac3c8,4710,8745,3604,379038,37111,34970,8015,3757,30405,7838,31603,1273,9682,181957,175642,8559,43309,142943,7489,5092,1880,1676,5423,239897,247035,86617,86750,144234,3463,8263,24606,142644,2748,13519,3238,6927,5425,11459,9793,8424,24630,2782,2694,28235,258,3167,5936,5701,1776,8427,18059,15295,25866,41070,48296,3102,4883,38959,3124,6550,6037,7078,12304,6771,11843,2512,4791,172192,18254,7269,147567,8422,7044,10947,7225,219236,5014,21144,40078,5488,7112,127377,7798,172966,3629,19570,1499,4169,8418,2122,30469,23004,5589,1355,887,1827,96239,21891,130521,2927,35361,4433,4708,35644,35882,7654,31220,1216,173546,200038,22245,1853,27447,3181,91131,21560,5168,11491,11343,7717,18023,25915,814167,6005,172621,184589,9604,219214,21469,40217,8295,127183,169846,1804,4433
2020/11/24 00:00,17,fb7b87021437c52d72ad276f92c8d6f5443ebd78,4821,8829,3651,380615,36634,34679,8032,3791,30689,7880,31454,1289,9815,192182,186297,8600,44012,142989,7678,5094,1866,1701,5733,243757,247519,86746,87389,145461,3487,8185,24513,144230,2705,13663,3234,6995,5597,11239,9699,8353,24865,3014,2901,28590,275,3127,6100,5566,1797,8206,18135,15406,26054,41333,48809,3144,4972,37501,3137,6680,6011,7378,12599,6830,12231,2686,4875,172873,18309,7299,148774,8289,7033,11096,7147,221972,4940,20997,39754,5451,7080,126832,7625,170181,3552,19758,1603,4228,8388,2023,30509,22929,5544,1374,863,1882,94798,21419,130728,2981,34945,4428,4634,36445,37459,7659,31750,1200,170182,193288,22733,1870,26024,3191,88340,22388,5312,11293,11438,7882,18306,26104,817816,6035,165459,181703,9481,220374,21541,40173,8314,127522,171675,1804,4333
2020/11/25 00:00,3,dfa3978d9191e02eabf65d1829c970644d25d57e,4781,8738,3628,379322,36598,34927,7988,3767,30493,7886,31331,1301,9845,190860,182588,8532,43774,141800,7512,5154,1879,1714,5799,240620,247548,87282,87035,144788,3494,8191,24503,144169,2760,13679,3217,6934,5521,11284,9835,8445,24866,2978,2932,28422,273,3112,6110,5625,1877,8162,18099,15225,26056,40887,48157,3160,4909,37276,3162,6713,6087,7400,12572,6871,12019,2642,4869,168703,18431,7340,149247,8376,7183,11128,7229,222796,5102,21116,40187,5509,7336,127485,7828,169654,3642,19316,1505,4132,8405,2029,30300,23051,5637,1345,883,1849,95658,21182,129501,2924,35503,4412,4654,36299,34650,7599,31734,1219,170844,195289,22579,1905,30479,3182,88176,22300,5255,11341,11374,7837,18370,26069,820935,5991,170666,182454,9435,220113,21466,40344,8265,126641,170281,1794,4408
2020/11/27 00:00,9,cf98a761de677c733f3c33230e1c63ddb785d5c5,4759,8852,3600,381342,36847,34630,8123,3814,30755,7804,31302,1290,9890,191902,184586,8605,43776,144064,7764,5146,1883,1739,5765,243209,248502,88389,87613,145480,3590,8102,24515,144866,2717,13501,3221,6935,5537,11305,9628,8418,24456,3006,2937,28423,271,3127,6095,5622,1827,8297,18152,15226,26135,41199,48928,3115,4911,37720,3132,6658,6171,7395,12603,6813,11978,2627,4832,172053,18533,7482,148042,8207,7201,11062,7267,222009,5090,21218,40180,5557,7197,127701,7887,170932,3603,19694,1536,4228,8365,2159,30562,23164,5559,1378,872,1863,95650,21298,131164,3019,35175,4454,4652,35748,35020,7779,31638,1229,169615,194032,22669,1848,26108,3151,88908,22557,5366,11321,11176,7883,18491,26337,804514,6085,165569,182440,9455,219474,21441,40297,8238,125959,168780,1817,4488
2020/11/28 00:00,3,ba178f852f8e4b11a243d907ac204b30a60369b5,4673,8804,3611,384205,36656,34080,8088,3782,30759,7862,31493,1294,9796,186319,174998,8544,43312,143766,7656,5232,1926,1707,5879,239777,246872,86815,86953,144713,3499,8368,24514,142550,2701,13660,3269,7096,5481,11453,9829,8374,24490,2905,2875,27884,257,3158,6098,5595,1830,8236,18311,15079,25894,41152,47940,3160,4870,39760,3163,6659,6093,7277,12625,6846,12035,2626,4899,169681,18242,7491,150494,8256,6975,11084,7207,219525,4977,21128,39744,5466,7314,127508,7690,171430,3533,19600,1526,4265,8487,2091,30503,23155,5535,1347,875,1820,97263,21420,130718,2925,35261,4344,4617,36385,34778,7884,31650,1219,170939,193199,22610,1846,26207,3218,87139,22322,5408,11271,11396,7981,18439,26149,803579,6062,165211,182211,9557,220108,21218,40466,8387,126755,169519,1835,4374
2020/11/30 00:00,22,596fbc1d292259c8850f026e2d7267056abee3bc,4749,8632,3623,380674,36937,35055,7987,3808,30527,7730,31746,1309,9862,192276,184951,8461,44031,143076,7651,5205,1896,1625,5715,239353,246729,86910,86199,145217,3519,8201,24520,145084,2759,13824,3233,7044,5460,11619,9703,8391,24673,2972,2955,28376,261,3196,6077,5647,1806,8236,18078,15466,26395,41313,48510,3128,4940,38547,3196,6668,6097,7303,12496,6928,12081,2623,4864,169381,18197,7284,148853,8240,7023,11069,7133,214255,4970,21132,39966,5482,7151,127345,7781,170653,3588,19645,1552,4248,8737,2113,30632,23145,5588,1363,955,1885,96046,21277,130795,2925,35164,4427,4784,36085,34798,7758,31653,1225,171520,195315,22921,1855,25958,3226,88907,22584,5310,11265,11260,7987,18230,25981,813548,5921,172536,182762,9669,220910,21382,40162,8179,126194,169373,1876,4384
2020/11/30 00:00,12,478fb7f5280d8da2c68b858114eda358708e681b,4817,8651,3594,380188,36802,34370,8095,3770,30468,7864,31565,1289,9795,188084,175579,8548,43559,143697,7428,5213,1851,1674,5580,239403,248080,87196,86308,145209,3485,8244,24593,143631,2747,13805,3344,7007,5347,11534,9790,8377,24308,2834,2745,28046,261,3110,6036,5633,1834,8383,18171,15674,25887,40956,48092,3100,4835,38553,3127,6648,5981,6903,12508,6842,11884,2544,4828,168082,18444,7364,148922,8467,7015,11076,7364,220149,4871,21100,39711,5475,7304,127347,7704,171153,3666,19809,1515,4294,8329,2161,30657,23020,5534,1377,865,1847,94375,21310,131172,2907,35670,4390,4641,35677,34348,7636,31148,1214,168981,194946,22434,1872,26115,3215,87853,21895,5112,11212,11314,7926,18473,26501,813766,6086,171289,184313,9478,221338,21164,39949,8308,127663,169290,1798,4304
2020/12/01 00:00,8,084d38b64ecbcaa9fac47ffca5604cf2a72936fc,4713,8690,3640,381690,36492,34599,8075,3801,30524,7826,31422,1280,9795,190330,181265,8674,43706,143894,7493,5142,1875,1662,5723,242290,247989,87181,87352,144583,3499,8432,24708,144066,2819,13552,3227,7038,5470,11266,9810,8509,24560,2961,2892,29160,260,3162,6088,5640,1869,8126,18327,15630,26129,41277,48679,3129,4905,38207,3103,6593,6089,7371,12555,6771,12088,2660,4852,172906,18375,7298,148425,8301,6963,10966,7313,222609,5038,21108,39718,5556,7200,127336,7855,172378,3582,19618,1548,4259,8462,2101,30559,23319,5609,1365,884,1866,96631,21375,131590,2977,32682,4492,4680,35248,34479,7682,31344,1219,170361,193965,22412,1893,25997,3212,87586,21554,5123,11007,11033,7808,18324,26480,796403,6014,172726,182175,9675,219613,21897,40352,8240,125956,168136,1872,4334
2020/12/02 00:00,15,512fb32b38e4694abd9f667581cdd5e99dee811f,4882,8853,3645,381787,37172,34630,7966,3779,30403,7966,31637,1282,9806,191467,179484,8657,43899,144856,7476,5184,1924,1686,5649,240184,247847,87696,87628,144525,3531,8109,24459,144321,2757,13797,3279,7055,5525,11513,9964,8486,24588,3021,2858,28094,264,3112,6122,5686,1882,8219,18281,15134,25994,41166,48619,3162,4962,37706,3118,6772,6029,7453,12755,6924,12203,2657,4857,173387,18760,7314,148371,8336,7249,11201,7151,224986,4881,21270,40120,5444,7330,129544,7697,172690,3650,19514,1537,4323,8493,2098,30898,23171,5493,1362,886,1837,97046,21580,130736,2949,32922,4399,4723,35837,34653,7744,31979,1222,169553,195516,22681,1862,26214,3214,87897,22392,5383,11278,11237,7896,18121,26271,805254,6059,175687,182790,9658,221166,21545,40489,8275,126674,171769,1861,4426
2020/12/03 00:00,18,acc211d2cf0e6ab94f6578e1eb488766fd20fa4e,4779,8738,3563,380941,36907,34565,7956,3764,30393,7788,31739,1291,9855,191498,178933,8674,44050,145103,7685,5190,1962,1721,5759,242435,248612,88257,87194,146638,3467,8253,24606,143776,2800,13611,3304,7041,5385,11428,9754,8421,24543,2846,2757,28201,262,3101,6018,5669,1815,8442,18075,16012,26173,41590,48463,3178,4826,37705,3129,6606,5893,6989,12576,6796,11923,2533,4817,169649,18347,7424,147825,8532,7037,10908,7398,222325,4868,21140,39819,5465,7287,129572,7661,172663,3679,20056,1533,4323,8726,2102,30670,23068,5612,1354,884,1826,95961,21416,132301,2949,36279,4373,4693,35742,34551,7841,31949,1238,169556,196554,22627,1864,26067,3202,88538,22010,5290,11415,11245,7887,18232,26270,806662,5954,168565,184245,9897,221567,21500,40146,8219,126573,171288,1821,4414
2020/12/04 00:00,5,1b4e35d1a8acf7b744e11b9ac9ca8f81de6db5e5,4763,8811,3586,378428,36779,35290,8049,3805,30543,7972,31342,1280,9953,194245,183889,8742,44366,145280,7506,5187,1847,1626,5951,240799,247177,88099,87638,145018,3481,8204,24480,145402,2775,13692,3265,6969,5359,11538,9865,8418,24511,2796,2743,27727,261,3119,6045,5643,1843,8400,18117,15988,26091,41327,48758,3147,4932,39206,3152,6620,5934,6992,12354,6882,11806,2540,4838,172810,18313,7215,148861,8571,7051,10806,7263,224556,4854,21078,39824,5393,7116,129299,7648,172454,3561,19678,1534,4238,8560,2069,30696,23437,5638,1367,900,1856,96463,21533,132581,3020,35338,4466,4743,35710,34818,7794,31837,1220,169793,195815,22539,1882,26081,3247,87265,22252,5377,11386,11345,7878,18303,26182,810195,6029,168846,182742,9817,222419,21519,39983,8197,126911,171283,1797,4401
2020/12/05 00:00,6,b94ecf0734b829878956d98b74323e0c80822fec,4691,8745,3736,380757,36509,34143,8023,3768,30578,7868,31664,1268,9849,188266,179674,8424,43658,144076,7563,5278,1891,1646,5696,242226,248628,86957,87676,145640,3489,8262,24634,142835,2834,13611,3191,6818,5377,11408,9821,8519,24431,2762,2781,27597,258,3118,5969,5599,1757,8402,17817,15297,25914,41007,48554,3117,4843,37665,3157,6562,6030,7037,12432,6891,11939,2498,4847,170243,18238,7256,147859,8501,7003,10963,7197,223944,4892,21083,39931,5397,7323,127901,7651,172127,3672,19487,1532,4190,8479,2070,30521,23198,5571,1352,867,1839,97327,21536,130904,3018,33304,4430,4705,35826,34798,7794,31761,1232,172410,194979,22736,1933,28962,3214,87864,22085,5331,11476,11525,7827,18253,26462,806952,6019,173326,181957,9483,222422,21521,40637,8309,127815,171181,1819,4384
2020/12/06 00:00,12,c62b84a0432e51fd10e628088ee311dc3be73d2f,4833,8755,3666,388020,37071,34862,8099,3789,30580,8096,31487,1302,9796,187619,184958,8584,43625,143693,7696,5214,1852,1702,5766,243141,248074,87640,87883,145975,3493,8140,24633,144240,2761,13553,3328,7059,5284,11476,9626,8213,24415,2793,2735,27772,256,3133,5934,5608,1762,8260,18209,15437,25867,41597,48442,3149,4898,37698,3129,6628,6059,7016,12284,6732,11633,2585,4829,170342,18354,7278,148359,8367,7010,10672,7381,221934,5043,21454,40128,5537,7426,128960,7849,172743,3678,19670,1584,4151,8566,2119,30608,23206,5577,1354,926,1889,96368,21299,130477,2970,34819,4347,4686,36424,35594,7909,31958,1205,170999,196377,22753,1895,25938,3194,88650,22326,5367,11525,11451,7885,18621,26283,811363,6015,171611,182181,9618,221278,21668,40565,8434,126607,171966,1863,4451
2020/12/20 00:00,144,661ac10901dcdf7d7bd87ef9487f7a045b786573,4738,8752,3510,381789,36245,34612,7945,3781,29991,7716,31576,1264,9644,184716,184879,8608,43704,143405,7468,5112,1811,1727,5626,239749,245215,85859,85858,143449,3476,8246,24495,142791,2730,13668,3175,6990,5508,11181,9780,8319,24362,2916,2859,27993,254,3124,6003,5518,1772,8123,18147,15376,25753,41198,48318,3081,4857,37131,3070,6558,6192,7302,12123,6828,11805,2630,4824,172046,17875,7201,148367,8161,7001,10811,7299,219081,4918,20919,39659,5400,7036,126510,7611,171514,3620,20395,1541,4272,8429,2076,30686,22854,5503,1350,875,1880,95537,22188,136993,2923,35270,4397,4636,35521,34209,7695,31160,1211,169636,193576,22430,1836,25902,3163,87534,21922,5252,11229,11270,7658,17974,26061,803735,6136,167668,182222,9458,221222,21504,40157,8312,125107,169551,1804,4369
2020/12/21 00:00,15,6da5cdf1dbfc35cee0ce32aa9e44c0b4187373d9,4742,8821,3546,358076,36857,34313,8073,3779,30599,7741,31267,1283,9702,182975,184638,8413,44117,144555,7547,5126,1831,1661,5659,238927,245690,86491,86878,144213,3496,8156,24365,143081,2748,13418,3208,6836,5451,11247,9663,8329,24440,2904,2873,27909,265,3114,6536,5443,1810,8040,17986,15307,25806,40631,48315,3064,4746,37482,3124,6551,6066,7309,12529,6831,11854,2614,4790,168665,17884,7244,148594,8131,7012,10962,7022,220586,4835,20884,39635,5314,7140,128329,7526,172147,3655,19570,1502,4190,8454,2035,30480,23109,5592,1360,909,1843,94904,21267,130929,2975,35285,4346,4684,35799,34229,7654,31629,1172,169457,192178,22683,1874,26061,3180,88232,22045,5252,11038,11073,7693,18267,25911,826855,6052,170492,182625,9534,220692,21259,40129,8298,127149,169546,1797,4317
2020/12/22 00:00,15,47d1aa4e93f668774fd0b16c780d3b1f6200bcd8,4748,8736,3554,377592,35669,33806,8097,3747,30069,7788,31246,1268,9774,189544,182356,8464,43965,143676,7572,5141,1861,1695,5608,240716,248660,87383,87219,145879,3488,8130,24255,144869,2736,13501,3242,6981,5518,11205,9733,8435,24709,2987,2881,28270,272,3109,6052,5599,1799,8152,18200,15230,26015,41312,48316,3086,4913,38731,3112,6580,6049,7347,12536,6830,12012,2633,4869,168371,18323,7298,149106,8267,7029,11376,7214,221244,5029,21204,39814,5450,7294,126788,7767,170460,3594,19795,1525,4153,8494,2063,30987,22953,5505,1405,887,1823,94705,21434,129902,2939,34870,4286,4668,35783,34300,7581,31301,1205,169567,194720,22729,1887,25867,3225,87730,22373,5280,11459,11386,7786,18073,26147,799970,6037,167299,181606,9475,219311,21086,39926,8271,126015,169278,1817,4321
2020/12/23 00:00,12,29cca68e9e55fae8389378de6f30d0dfa7a74010,4743,8773,3589,359435,36564,34128,7991,3776,30123,7851,31215,1258,9755,190770,176070,8543,43838,142552,7389,5023,1844,1695,5642,238547,245030,86489,86648,143449,3488,8166,24353,141831,2742,13394,3249,7011,5331,11510,9557,8384,24453,2728,2724,27717,254,3125,5811,5518,1733,8218,18036,15350,26370,41298,49366,3094,4739,37658,3071,6523,6004,7067,11882,6764,11630,2495,4702,170245,18007,7281,152584,8314,7057,10695,7283,219586,4923,21111,39678,5335,7303,126718,7572,169760,3651,19362,1444,4196,8519,2160,30658,23180,5573,1382,948,1831,96006,21200,130282,2947,34896,4298,4697,35704,34253,7661,31776,1207,170257,196810,22592,1861,25960,3242,87768,22318,5277,11176,11147,7764,18244,26596,810115,5963,170351,183194,9505,219090,21325,40068,8332,125934,169276,1773,4332
2020/12/24 00:00,4,10b6466e91d2e954386c74bf6ab7d94f23dd6810,4665,8773,3555,381005,36550,33995,8098,3779,30349,7766,31417,1264,9773,184214,176430,8517,43689,143067,7487,5085,1831,1634,5655,238785,245681,85529,85809,143899,3475,8216,24408,143093,2703,13423,3204,7002,5449,11300,9665,8289,24474,2798,2741,27863,265,3138,6007,5614,1754,8413,18068,15309,26315,41228,48322,3080,4833,37949,3102,6467,5972,7092,12254,6679,11812,2557,4845,171264,18091,7189,146337,8563,7178,10899,7301,222149,4868,21789,40136,5354,7046,127661,7620,171077,3675,19449,1489,4099,8475,2160,30191,23029,5526,1394,882,1848,94755,21396,129075,2892,34798,4371,4735,35303,34529,7727,31346,1234,171648,196208,22449,1854,25627,3223,87341,22102,5333,11157,11193,7943,18303,25979,814460,6089,167512,181145,9354,217782,21245,40580,8117,126264,167890,1792,4305
2020/12/25 00:00,1,2553d53dc85fdf1127446941e2bc749e721c1b57,4763,8658,3620,377963,36407,34389,8012,3758,30190,7750,31357,1257,9789,184710,183105,8468,43580,141578,7341,5021,1831,1677,5664,241231,246256,88275,88534,145529,3466,8269,24415,143290,2754,13412,3176,6901,5388,11514,9826,8330,24338,2833,2729,27827,249,3088,5997,5492,1765,8282,17911,15443,25798,41111,47750,3093,4825,38679,3077,6539,5984,6887,15786,6811,11760,2527,4738,170818,17802,7172,148428,8410,6996,10798,7385,220425,4953,20879,40061,5452,7065,127317,7771,171540,3587,19535,1541,4128,8342,2092,30079,22698,5476,1367,892,1858,95948,21207,129831,2939,33166,4341,4695,35756,34528,7688,31765,1210,169491,195226,22231,1821,25842,3231,87498,22047,5367,11160,11225,7755,18691,26031,810889,6147,167488,182818,9722,221771,21294,39799,8171,126095,167758,1789,4240
2020/12/29 00:00,38,ba974ea8e4cc8075056682c2badab5ca64b90047,4592,8727,3614,377369,36231,34537,7869,3752,29908,7753,31428,1261,9699,190676,177075,11328,44422,142853,7577,5039,1868,1703,5634,240477,246105,87458,87162,144778,3512,8190,24375,143243,2734,13352,3186,6954,5469,11166,9679,8350,24185,2800,2716,28175,268,3094,5915,5515,1717,8317,17917,16453,25841,41001,47609,3071,4865,37411,3102,6514,5912,7096,12051,6722,11761,2529,4774,167649,17981,7148,147537,8405,7017,10762,7372,219987,4993,20981,39755,5501,7278,126802,7839,169773,3556,19530,1474,4222,8560,2088,30296,23182,5646,1386,867,1857,95474,21208,129597,2955,34945,4409,4686,35437,34544,7537,31431,1191,170523,195349,22520,1841,25808,3214,86245,22093,5269,11023,11082,7683,18320,26132,803266,6130,170031,181852,9599,219685,21181,39918,8213,126313,169069,1780,4304
2021/01/03 00:00,33,559f411da83856a81ac39cf79df8487cc5a06134,4175,9056,3657,371974,36647,3741,7742,3687,29168,6737,41454,1049,9817,156072,141552,1939,48794,16777,7078,5893,1456,1500,5836,209812,212726,19935,19160,11417,3475,7967,23581,19302,1897,13019,3074,6847,5154,11484,9934,1835,27386,2261,2274,28333,276,3785,5960,5537,1564,8269,17531,15778,9958,62703,49183,3812,4693,27704,3847,6649,5671,5615,12610,6662,10553,2327,4717,259522,17457,7200,149416,8275,4891,10697,6912,25815,4762,19632,40768,5377,7317,173455,7574,212349,2967,2585,1462,705,4711958,2171,34258,21954,5483,1500,839,1827,38313,31884,127545,2741,33751,3565,4312,36982,3903,5744,41795,1051,139191,166342,22691,1440,25651,3329,11038,21707,5073,10962,9894,7886,17652,10045,810769,5594,265087,185304,9168,25712,19392,40871,8203,168387,210250,1797,3569
2021/01/04 00:00,14,14c2edae7e8e02e18a24862a6c113b02719d4785,3914,9319,3485,372732,36469,3775,7773,3673,29212,7192,41235,1013,9926,155113,140490,1975,48949,15698,7497,63940,1427,1258,5675,207620,211613,115869,112286,11444,3395,7921,23557,19790,1855,12945,3083,6838,5086,11137,9831,10141,27454,2414,2302,28473,265,3066,5910,5528,1656,8314,17338,15769,10002,62812,49068,3041,4301,27714,3021,6663,5690,5776,12353,6795,10897,2415,4267,260284,17535,7262,147532,8347,5223,10834,6947,42263,4747,19419,34286,5343,7060,169467,7533,206265,2915,18869,1435,781,4880871,2119,34070,22110,5252,1542,1200,1772,37690,31859,126501,2997,32732,3657,4408,37339,3898,5629,42417,1052,139824,167665,22919,1430,25028,3445,106496,21706,5004,11079,10164,7938,17400,9867,813605,6080,266068,186303,9199,111924,19106,34357,8475,170184,210608,1826,3505
2021/01/05 00:00,17,3cdc4ef5b41ce1254610436a8721ea517124d62e,4000,9420,3438,371775,36821,3950,7786,3653,29172,7167,41091,1027,9847,155157,141337,1964,49222,15717,7369,64447,1500,1229,5823,207634,211636,115532,112057,11601,3342,7924,23554,20108,1846,13043,3068,6862,5072,11146,9794,10086,27395,2450,2331,28662,265,3030,6060,5417,1655,8213,17385,15785,9920,62428,50408,3091,4455,27798,3072,6681,5710,5757,12256,6728,10832,2466,4400,262363,17529,7315,150590,8384,5365,10834,6967,42700,4736,19468,34634,5347,7404,174026,7605,208387,2872,18702,1430,788,4963478,2122,34247,22213,5187,1609,1216,1755,38823,32335,126892,3000,33488,3622,4389,37608,3956,5648,41957,1061,140846,165667,22319,1459,31034,3434,109392,22345,5050,11212,10080,7949,17793,10080,812266,5778,259095,187497,9332,109710,19324,34482,8333,172425,214859,1794,3565
2021/01/27 00:00,200,9ed0e3cebf304cf7de02924c0b1bfc857ad331fb,4405,8797,3508,377213,36918,21506,7800,3632,29148,6444,31059,1211,9733,155360,140212,8604,42768,144643,7409,5102,1783,1634,5641,247735,254474,66548,66696,145936,3483,8085,23714,144790,2060,12964,3373,6834,5126,10651,9682,10038,14500,2749,2768,28598,259,3024,5930,5502,1703,8154,17692,15544,23011,42603,49230,3057,4752,27530,3068,6455,5721,6766,12102,6525,11483,2520,4667,174893,18032,7164,150129,8245,6467,11091,7120,219110,4906,20666,35448,5455,7381,128240,7537,173941,3047,18820,1440,3023,7697,2206,16545,22941,5783,1509,883,2080,100685,20775,132356,3127,32825,4444,4748,36774,21798,6899,30782,1219,134331,159619,22861,1787,24377,3192,67893,21628,5024,10449,10376,7833,18284,23252,807220,5833,168592,183829,9362,217769,20501,35486,8092,129088,181555,1686,4271
2021/01/28 00:00,15,d3f049cbc274ee64bb9b56d6addba4f2cb8f1f0a,4387,8929,3428,379248,35095,21022,7873,3898,30947,6583,31795,1232,10287,151457,137103,8861,42448,146459,7899,5034,1852,1639,5648,243128,248643,64571,64098,143415,3561,8156,25085,142641,2089,14419,3415,6818,5524,10733,9653,9959,14521,2821,2810,28233,251,3031,6175,5725,1826,8373,17978,15856,25483,41171,48393,3019,4580,27397,3005,6540,5865,6804,12498,6791,11835,2664,4516,167946,18526,7445,155859,8632,6434,11390,7458,225249,5293,22039,37546,5875,7714,166579,8252,223170,3218,18171,1581,3005,8176,2105,17533,24301,5815,1670,968,2045,108849,20565,131710,3217,34808,4326,4856,37001,21411,7337,32464,1182,131969,157677,23692,1895,25405,3295,65376,23046,5385,10768,10749,7953,19937,26092,802504,6099,189704,188590,9853,229127,21936,36922,8726,161525,219752,1758,4258
2021/01/29 00:00,3,50d14c98c3828d8d9cc62ebc61ad4d20398ee6c6,4978,9004,3487,379933,37582,21335,8022,3897,31613,6685,33362,1206,10479,153297,139268,9134,42610,152541,7837,5262,1882,1718,6790,257026,263425,65717,65178,153615,3716,8494,25738,150613,2158,14981,3499,7018,5725,10645,10086,9819,15317,2981,2844,28518,273,3077,6253,5860,1963,8641,19487,16148,26085,41502,52073,3049,4666,27978,3004,6582,5959,7147,12856,6918,12026,2660,4635,184225,20499,7389,155003,8727,6325,11431,7343,226603,5361,22229,37154,5955,7707,164832,8256,220052,3284,18328,1586,3035,8005,2245,17484,25420,5810,1644,1007,2083,104988,20749,132034,3379,35271,4320,4902,37208,21895,7145,32547,1187,134242,159038,23893,1939,25385,3306,66548,23288,5458,10858,10886,8073,19705,25952,818652,5945,186730,189539,9798,229985,22083,37165,8544,159339,219148,1768,4286
2021/01/30 00:00,3,a8eb443bf856dca0882c53e02cf08bf268c4a0ea,4720,8939,3449,379243,36692,21783,8265,3902,31492,6810,32480,1223,10445,154297,140418,9325,42720,154637,7756,5223,1920,1650,6654,252204,257223,65410,65568,149752,3758,8506,25668,148108,2176,14815,3488,7046,5693,11424,10039,10001,15077,2885,2812,28468,261,3079,6228,5848,1992,8683,19752,16071,26334,41756,52284,3056,4644,28296,3056,6699,6139,7111,12600,6910,12102,2807,4620,182637,20494,7395,154126,8707,6219,11396,7417,224047,5276,21916,36775,5929,7743,156815,8251,209230,3275,18508,1556,2987,8233,2084,17759,24700,5822,1658,1011,1870,107783,20882,131990,3213,33087,4287,4913,36976,21744,7174,32392,1163,133628,158782,23917,1886,26627,3171,66172,22933,5482,10687,10703,7950,19582,26057,857867,5898,183668,189182,9891,228460,22150,36964,8734,161646,218730,1756,4216
2021/01/31 00:00,7,9db566a8821c02427434c551ee6e4d2501563dfa,4862,8910,3476,380601,36791,21760,8146,3909,31628,6825,32940,1245,10454,152939,138804,8993,42956,154271,7930,5205,1919,1676,6778,254611,258308,63784,63765,151337,3766,8462,25776,150130,2279,14799,3320,7061,5702,11207,10027,9967,15157,2943,2872,28290,259,3070,6140,5911,1930,8672,19743,16067,26128,41524,52410,3058,4649,29824,3084,6656,6102,7080,12728,6904,12065,2681,4659,183025,20952,7433,154606,8814,6306,11541,7333,223752,5251,21972,36999,5920,7858,165348,8276,219009,3309,18170,1580,3063,8280,2225,17584,24308,5779,1660,968,1885,106912,20605,132022,3237,33537,4339,4823,37569,21583,7437,32628,1212,134033,158872,24069,1897,25153,3253,65927,23345,5403,11066,11076,8021,19712,26145,823096,6131,187613,190249,9883,230001,22187,37192,8778,160869,214104,1790,4184
2021/02/01 00:00,13,79515b82f1e8a9c04d7ac9f49095f0d206df5812,4764,8903,3485,380450,37013,21477,8105,3944,31633,6843,32841,1275,10489,152218,138535,9324,42773,153626,7999,5332,1932,1722,6705,253188,259673,65148,64486,150990,3721,8563,25621,149226,2268,13998,3437,7021,5538,11740,10192,10183,15533,2681,2645,28400,264,3164,6321,5907,1922,8818,19846,16266,26203,41878,52025,3056,4591,28300,3022,6740,6003,6842,12239,6767,11777,2603,4499,184889,21039,7482,153028,8858,6356,11677,7328,223591,5216,21914,36824,5889,7618,165740,8209,219752,3229,18374,1570,3097,8339,2155,17857,24214,5746,1636,970,2088,105313,20624,131891,3306,33890,4322,4851,37906,21816,7124,32369,1182,131599,156325,23958,1890,25152,3188,64964,22955,5398,10850,10605,7905,17902,25861,806729,6016,172599,185760,9793,223108,21271,36514,8491,154076,201322,1710,4227
2021/02/02 00:00,12,76a7fca4e123c62097c8a35ef827fba7143d77d9,4414,8879,3416,386688,35622,21118,7977,3895,31261,6645,31779,1191,10307,149152,135671,8796,42370,148289,7558,5034,1883,1651,5760,243460,248255,64726,64598,145043,3670,8152,25244,144029,2063,14520,3429,6945,5610,11046,9865,10051,14921,2943,2803,28302,255,3031,6315,5769,1765,8500,18396,16168,25875,41810,49802,3051,4581,27735,3023,6571,5906,6964,12899,6656,12310,2698,4638,169608,18659,7321,150787,8506,6302,11435,7166,220230,5205,21068,36397,5704,7840,162681,8070,202282,2948,17366,1511,2977,7870,1991,16679,24200,5686,1630,1042,2063,98734,20585,131310,3296,32478,4302,4868,35831,20533,6973,32228,1130,130255,155500,23116,1881,24408,3075,66146,21978,5369,10484,10495,7764,17831,25582,806096,5949,174581,184303,9803,225503,20857,36160,8337,151397,200439,1710,4207
2021/02/03 00:00,6,6a194f197819e2970f619ed92321e0a0b716bf37,4466,8972,3399,378184,35319,20743,7992,3847,31124,6645,31680,1182,10238,150114,136812,8908,42581,146153,7575,5089,1893,1675,5597,241236,248089,63828,63613,147578,3697,8205,25221,143994,2028,13761,3478,6832,5459,10940,9574,10040,14774,2771,2644,28329,263,3027,6091,5753,1868,8536,18206,15950,25964,41457,49612,3025,4490,27659,2988,6470,5885,6651,12313,6567,11548,2557,4447,173912,18885,7277,149753,8709,6263,11281,7240,220624,5173,21381,36382,5736,7399,152113,8046,204872,2986,17295,1556,2648,8148,2124,17109,24221,5648,1643,934,1850,99526,20943,130969,3204,31791,4246,4816,35250,20638,7071,31515,1117,130747,153520,23152,1888,24255,3104,65289,22661,5332,10320,10375,7557,17846,25406,810354,5742,169044,183841,9823,223663,20867,36215,8653,151717,197933,1708,4158
2021/02/04 00:00,10,1f4135c4bd82001abae85d27b7822283d1a5b6b0,4440,8820,3386,377869,35094,21032,7911,3784,31096,6688,32147,1178,10221,147800,133756,8687,41743,146394,7701,5017,1903,1660,5591,241642,248005,64511,64092,144459,3620,8192,25160,141827,2097,13823,3425,6750,5426,11160,9671,9758,14504,2656,2596,28297,244,2980,6030,5748,1724,8620,17389,15717,25264,41098,48625,2981,4495,27143,2970,6402,5723,6751,12164,6618,11582,2568,4437,167835,18142,7221,149135,8631,6057,11336,7313,218640,5125,20897,36244,5740,7504,152677,8036,195553,2921,17144,1521,2928,7817,2016,16715,24165,5612,1581,932,1805,96510,20288,131929,3157,32608,4240,4801,35138,20510,7040,31394,1148,128248,153852,23284,1895,24504,3108,65303,22552,5337,10509,10460,7707,17800,25536,802379,5898,168185,181421,9760,229064,20835,36392,8354,152221,199640,1698,4159
2021/02/05 00:00,1,e614f34c7a538b1f2c59616689eaea95af85fd54,4320,8859,3430,376819,35073,20613,7978,3809,31106,6694,31189,1188,10252,149099,134924,8869,42166,146261,7529,5013,1866,1646,5589,242149,247716,63776,63441,143308,3582,8172,25228,142746,2061,13906,3451,6789,5435,11073,9803,10119,15016,2825,2649,28257,256,3169,6155,5803,1827,8648,18185,15713,25830,41759,49604,3020,4493,27742,3003,6638,5843,6725,12400,6680,11707,2611,4477,173663,18468,7339,152764,8596,6141,11482,7138,221288,5132,21412,36442,5769,7393,161478,8120,210707,3144,17262,1547,2653,8117,2060,17161,24270,5733,1616,917,2074,100651,21156,129862,3180,34307,4316,4864,35893,20747,7246,31940,1165,130182,154325,23381,1845,25178,3127,65326,22586,5443,10756,10688,7625,18711,25651,817384,5780,167798,185353,9768,225324,21244,36312,8350,152525,202298,1863,4198
2021/02/06 00:00,9,eb5558ed35d51215de2ab12156e477cd7130a66a,4593,8702,3428,377240,35329,20700,7960,3833,31163,6677,31938,1186,10317,149418,136494,8751,42589,147174,7583,5010,1905,1661,5712,242696,247469,63976,63589,142997,3591,8198,25122,142897,2144,14471,3448,6803,5541,11081,9552,9852,14679,2882,2877,29313,237,2997,6198,5784,1786,8403,18546,15688,26724,43625,51399,2999,4593,29603,3001,6468,5758,6949,12323,6677,11809,2646,4533,174846,19086,7285,152031,8439,6229,11330,7293,221796,5133,21139,36459,5768,7302,159556,8111,206846,3024,17386,1498,3010,8042,2084,16953,24017,5691,1636,940,2031,98614,21039,131759,3216,32863,4325,4892,35827,20674,6969,31965,1169,129201,153818,23122,1879,26383,3119,65984,22217,5335,10588,10641,7760,18232,25516,815602,5911,170684,183957,9724,224088,21232,36216,8299,152805,202521,1853,4266
2021/02/07 00:00,14,d1131bc85028ea0f78ac9ef73bba731080f1ff6a,4586,8780,3465,380398,36413,20851,7985,3865,31138,6591,31935,1193,10286,149345,136454,8934,42487,148196,7694,5119,1834,1661,5652,252242,264031,65372,65104,154874,3838,8599,25716,153615,2434,14650,3352,6993,5594,11359,10789,10229,15740,2678,2722,28771,253,3287,6220,5909,1972,8967,20918,16289,26066,42345,54380,3064,4583,28550,3073,7000,6380,6908,13957,7049,12032,2799,4589,193744,22802,7625,160964,9018,6616,11485,7731,229483,5335,22263,37454,6038,7540,171296,8349,232278,3318,17472,1550,3036,8245,2158,18019,24830,5947,1737,990,2143,113947,20806,134579,3298,36721,4477,4933,38519,21794,7215,33266,1216,138552,165815,24364,1938,32570,3524,66512,24099,5548,11201,10668,8704,21404,26487,833587,6330,196854,196999,9960,234356,22642,37689,8823,166279,234195,1826,4340
2021/02/08 00:00,9,18b30107adb37d3c7a767a20cc02813f0fdb86da,5051,9026,3522,387621,38139,21816,8609,3990,32448,6881,34328,1278,11167,158997,145322,9603,43706,160126,8284,5403,2014,1743,7350,266394,272417,65358,65437,159692,3950,8744,26196,157999,2382,14585,3367,7030,5721,11522,10777,10196,16126,2735,2836,28790,256,3309,6257,6049,2008,9131,21867,16438,26977,42211,54984,3075,4605,28881,3242,6960,6159,6965,12601,7011,12027,2583,4515,196329,22770,7507,161728,8960,6466,11393,7667,230563,5395,22597,38157,6122,7727,172668,8475,239895,3320,17666,1551,3133,8612,2317,18508,25001,5919,1740,1000,2171,114117,20786,131739,3288,36504,4590,4835,39469,21527,7310,34094,1218,137757,162345,24264,1971,25729,3472,65793,23827,5554,11060,10975,8328,21400,26406,829479,6451,195120,197599,9879,234681,22791,37639,8934,166562,232356,1936,4388
2021/02/09 00:00,16,32a523b56fc329e858f3a463314c13e3710be5e0,5120,9006,3563,385651,39075,21800,8483,3989,32125,6826,33676,1259,10755,159048,145965,9538,43550,160350,7961,5346,1953,1717,7459,263747,271169,65697,65038,159263,3944,8713,26320,157638,2385,14698,3562,7080,5671,11543,10953,10231,16125,2749,2710,28844,253,3239,6450,6193,2037,9152,22301,16498,26838,41899,54935,3137,4602,28788,3134,7010,6458,6896,12822,7075,12274,2577,4612,200800,23231,7594,158675,8994,6450,11381,7629,230121,5350,22622,37747,6088,7712,172518,8358,238016,3341,17650,1619,3132,8376,2432,18538,24894,6067,1708,989,2141,116329,21074,133440,3365,36455,4479,4860,39368,21692,7136,33266,1215,138063,165381,24853,1978,25962,3559,66643,24033,5574,10834,10732,8438,22392,26646,828383,6234,195467,199051,10223,234772,22903,37522,8714,167661,237373,1853,4345
2021/02/10 00:00,4,e0053853c90d39ef6de9d59fb933525e20bae1fa,4853,9043,3628,387626,39061,21853,8591,4026,32167,6895,34194,1285,10732,160705,147312,9547,44367,163254,8192,5256,1951,1651,7490,266881,273210,65672,65653,159689,3980,8762,26048,157456,2328,14772,3594,7215,5668,11203,10892,10143,16045,2861,2787,28845,253,3246,6406,6121,2040,9140,22747,16531,26616,42649,55628,3123,4699,28583,3109,7043,6208,6969,12656,6989,11988,2567,4537,196327,22884,7713,163583,9084,6445,11640,7752,228340,5394,22902,37818,6216,7754,167131,8374,231864,3345,17660,1588,3151,8778,2344,18193,24771,6013,1774,1031,2123,117443,21342,133278,3355,37024,4459,4918,39677,21381,7236,33285,1228,137395,165299,24750,2048,25529,3496,66260,24414,5447,10775,10693,8701,22717,26615,827845,6575,199137,199649,10076,235872,22850,37891,8621,166754,239214,1931,4332
2021/02/11 00:00,0,e0053853c90d39ef6de9d59fb933525e20bae1fa,4930,9027,3501,386173,39510,21836,8421,4032,32081,6789,33720,1239,10852,163753,150379,9500,44404,160470,8227,5335,2001,1774,7284,265067,269916,64531,64682,159714,3985,8778,26446,157080,2201,14841,3564,7212,5627,11557,10708,10157,16101,2836,2756,28880,258,3253,6406,6165,1979,9092,21311,16372,27130,42234,55746,3090,4674,28519,3091,7026,6149,6904,12837,7384,12113,2611,4699,200458,22595,7616,161550,9109,6307,11684,7741,228629,5401,22905,37498,6023,7547,172117,8335,240946,3633,17689,1621,3065,8785,2226,18747,25142,5992,1721,1036,2125,117318,20983,132387,3340,35191,4500,4873,38820,21567,7356,33585,1235,137817,165829,24727,1986,25849,3562,66494,23481,5548,11385,10990,8834,21687,26426,821649,6688,193667,198616,9963,236343,22725,37456,8896,166605,236745,1943,4402
2021/02/12 00:00,3,f2e14684961de2ef5a692a77f1e09655da3398f4,4928,8872,3588,388199,38551,21696,8411,3977,32022,6832,33684,1273,10761,159227,145408,9624,43590,160996,7909,5274,1958,1668,7422,264699,271195,64523,64294,159159,3934,8775,26116,157495,2287,15508,3505,7128,5774,11494,10669,9937,15930,3000,2914,28254,267,3133,6307,6054,2074,8824,21762,16495,26723,41694,55824,3054,4729,28236,3134,6834,6542,7223,13044,6996,12499,2655,4702,178217,18240,7292,148930,8362,6012,11289,7313,230346,5314,22092,37013,5989,7800,159959,8091,195516,2928,17392,1520,2965,7734,2083,16634,24115,5651,1638,922,2032,96684,20891,132588,3276,34244,4373,4748,35216,20558,7068,31155,1147,130351,154893,23233,1861,24304,3059,66339,22068,5317,10430,10516,7710,18156,25400,810935,5830,169860,187728,9757,225221,21017,36057,8320,152081,205413,1684,4139
2021/02/13 00:00,1,e3b6e4ad435b31aabd6781df63c50c1f92bdfeac,4370,8844,3403,377462,35652,21019,7960,3854,31091,6716,31699,1201,10312,147915,135053,8950,41969,145058,7645,5000,1880,1678,5704,243179,247436,63475,63718,144691,3613,8178,25159,143041,2127,13704,3473,6713,5429,11046,9712,9741,14740,2825,2747,27786,234,3138,6279,5766,1740,8495,17587,15679,25781,40877,49081,2985,4523,28099,2978,6624,5732,6570,12233,6612,11496,2572,4501,166881,17864,7262,149128,8581,6153,11402,7231,218976,5160,20878,35916,5695,7690,154332,8179,197165,2891,17368,1507,3010,7940,2152,16706,24191,5700,1625,975,1834,97956,20478,131523,3260,32857,4327,4808,35371,20707,7266,31658,1184,131549,154452,23233,1863,24303,3078,65997,22245,5318,10741,10868,7618,18194,25592,801765,5723,170211,185718,9705,225798,21196,36014,8462,156136,202396,1712,4169
2021/02/14 00:00,2,aca6db1868c7fd7632b490e5f20254989b270e8e,4420,8860,3373,376671,35456,20971,7871,3837,31016,6593,31681,1172,10224,149284,135202,8742,41922,145880,7777,5100,1900,1652,5660,242549,248013,64642,64393,144185,3682,8180,25310,143724,2064,13801,3246,6800,5495,10941,9552,9908,14700,2744,2613,28217,235,3196,6261,5754,1723,8616,17973,15982,26097,41450,49791,2997,4509,27629,3147,6440,5751,6528,12172,6560,11575,2551,4455,173985,18458,7275,149873,8555,6353,11390,7284,218502,5143,20803,36050,5687,7350,157584,7950,200129,2961,17537,1486,2935,7671,2039,16990,23912,5588,1662,969,2013,100755,21221,130796,3190,31583,4208,4839,35156,20824,7147,31892,1146,131096,154803,23198,1863,24388,3105,65677,22015,5384,10435,10449,7741,17857,25565,803604,5866,171296,184023,9924,226190,21072,36258,8429,153390,203374,1680,4117
2021/02/15 00:00,3,1a11fe55017a79016dd138dd2afb4edd0a6cef2f,4370,8979,3436,381355,35770,20800,7910,3887,31141,6630,31874,1208,10343,148494,135089,8683,41861,146090,7586,4962,1835,1611,5590,242431,257885,64678,63954,145585,3609,8170,25227,142869,2075,14407,3510,6841,5566,10562,9598,9896,14538,2902,2853,28301,253,3028,6166,5766,1748,8436,17855,15760,25653,41175,48677,2983,4542,27174,2971,6440,5875,7057,12233,6547,11729,2639,4558,168820,18290,7241,149035,8560,6331,11203,7164,218534,5257,20954,36085,5730,7499,155964,8077,197203,2933,17427,1601,2940,7627,2116,16792,23929,5585,1625,944,1809,95969,20427,131089,3255,32137,4242,4824,35632,20743,6805,31424,1144,130942,155000,23157,1881,25644,3078,66007,22413,5311,10694,10494,7660,17922,25619,807999,5820,172149,185997,9707,225993,21131,36154,8261,153153,202879,1697,4113
2021/02/16 00:00,3,5957bc18a1dfdeeca07d3aeb4fc941927b772fc1,4380,8831,3408,376211,35928,21022,8009,3834,31210,6730,32029,1188,10286,149844,136694,8747,42780,147337,7547,5047,1877,1635,5646,241349,247961,64351,63205,143730,3630,8115,25145,142599,2047,13802,3250,6739,5458,10925,9675,10051,14590,2677,2629,28649,238,3189,6191,5783,1664,8619,17700,16014,25986,41918,49578,3142,4542,27739,3101,6637,5741,6543,12332,6653,11547,2551,4447,170167,18227,7536,149641,8707,6307,11223,7240,223128,5182,20873,36071,5728,7597,156473,8107,200278,2899,17218,1498,2986,7685,2096,16712,24066,5596,1621,913,2030,96610,20489,132481,3231,31365,4262,4855,35256,20581,6988,31452,1139,130916,154902,23237,1843,24374,3108,65854,22245,5299,10509,10474,7583,18264,25402,811609,5716,168415,184521,9736,225531,21081,36144,8495,152888,201769,1687,4079
2021/02/17 00:00,11,ff5115c3ac15cf718fbfe98e07c56f3dde79a602,4404,8890,3449,377821,35400,21116,7895,3858,31220,6648,31782,1253,10390,149529,135658,8844,42453,146718,7733,4975,1837,1642,5614,243183,248434,64118,63368,144530,3627,8230,25250,142798,2040,14506,3276,6812,5575,11080,9554,10130,14600,2825,2781,28170,248,3024,6126,5723,1830,8456,17897,15814,25938,41778,49234,3015,4635,27680,3038,6410,5863,6879,12453,6623,11810,2639,4539,167705,18150,7358,148607,8584,6126,11313,7259,218673,5124,20713,36031,5762,7515,149628,8075,193031,2902,17299,1504,2664,7690,2009,16869,24143,5640,1645,908,1860,97758,21383,131791,3200,31900,4317,4808,35561,20556,7006,31483,1142,129723,154607,23270,1871,26770,3134,65438,22113,5357,10495,10458,7601,18167,25708,810382,5860,174001,183940,9698,225622,21232,36199,8558,153971,200593,1706,4384
2021/02/18 00:00,9,06df1210d4117e3b7cb5b1779e4fae672383be34,4915,11592,5342,386593,41364,23100,9533,6007,64723,11610,37187,1973,11821,161602,145336,10413,45692,150689,9105,6923,3607,1639,5688,251408,256396,65828,65711,148437,5155,9898,37211,147312,2172,23524,6893,11045,7747,15633,11509,11711,19501,2872,2809,30350,239,5108,8456,9938,2591,10279,20107,17767,30179,44405,51532,5000,6707,32122,4953,10909,7608,11600,14790,10920,15605,3474,6580,173083,22543,9752,152002,10174,11193,15464,11561,220396,7359,26932,45332,10090,12348,154447,10023,200021,3229,19520,2019,3213,8538,2789,21767,42612,7680,3285,1111,3364,98092,22067,132045,5466,35946,6283,6611,40477,22694,11874,36928,1943,140917,167900,30343,3532,24431,3186,67493,27687,7597,15713,15763,9590,20267,30076,805391,7655,172982,188017,13799,226733,26733,45028,13297,157283,212096,2570,6209
2021/02/19 00:00,6,82b33a304160e4f950de613c3d17f88fa3e75e5e,4857,11410,5300,385972,40741,23076,9678,6022,64615,11687,37030,1983,11926,161183,145512,10390,44995,149191,9174,6973,3587,1599,5670,251898,256499,66251,66015,147675,5113,10001,37119,146898,2203,23458,6912,11217,7789,15776,11341,11874,19584,2824,2814,30237,233,5160,8549,9839,2658,10418,20164,17958,30471,44384,51538,5030,6603,32327,5028,11003,7606,11710,14554,10983,15823,3453,6674,173213,22494,9499,151917,10121,11250,15730,11428,220809,7368,26825,45307,10019,12104,164617,10059,208806,3352,19617,2053,3188,8686,2774,21912,42567,7703,3273,1145,3343,98342,22130,134975,5504,36965,6293,6543,41254,22787,12081,37155,1917,141830,168987,30171,3547,24396,3090,67451,27515,7564,15830,15780,9551,20274,29789,811225,7762,179025,186342,14027,224744,26683,45080,13221,159946,214479,2479,6147
2021/02/20 00:00,6,020e84e92f5fe81a144f909ac0d1879ab5ec4dd5,4966,11453,5380,386832,41425,23060,9724,5981,64342,11623,37328,1964,11951,162663,147490,10617,45701,150290,9038,7069,3584,1604,5608,251220,257127,65594,65116,147617,5149,9959,37088,146492,2217,23378,6832,11272,7838,16024,11428,11957,19415,2814,2747,30131,239,4939,8483,9780,2511,10337,19686,17521,30399,43749,51285,4978,6622,32285,4948,10825,7778,11477,14663,10943,15545,3499,6633,171206,22286,9407,149555,10205,11267,15540,11446,221607,7388,26751,45135,10017,12424,162075,10076,204032,3278,19667,2033,3224,8523,2753,21938,42375,7653,3353,1101,3359,99295,22197,133869,5450,36634,6319,6568,40949,22684,11928,37012,1892,141616,168723,30560,3522,24411,3118,67867,27135,7563,15805,15865,9602,20180,30162,805812,7562,175328,186035,13805,225285,26695,45321,13211,157466,204862,2461,6194
2021/02/21 00:00,13,7df4fed420c1164e5e025ebce525850c025d9400,4828,11281,5372,385481,41056,23579,9902,6169,65527,11842,36914,1943,11802,162687,146321,10286,45425,150304,8946,7095,3574,1631,5589,251495,257426,66060,65966,147358,5160,9966,37164,147478,2175,22881,6956,11254,7871,15927,11470,12014,19549,2911,2782,30210,244,4963,8416,9849,2547,10487,20090,17983,30498,44084,52032,4977,6708,32505,4998,10882,7632,11326,14783,11157,15790,3470,6646,174433,22246,9677,150821,10303,11288,15582,11709,219447,7386,26837,45252,10070,12174,164836,10065,206777,3257,19638,2035,3183,8619,2816,21684,42716,7854,3263,1150,3521,99030,22410,133530,5478,35869,6347,6595,40806,22831,11935,37083,1912,142621,169229,30776,3581,24331,3126,67142,27449,7635,15751,15839,9514,20221,29763,804976,7793,174708,188361,13960,227092,26755,45272,13199,158737,206606,2452,6174
2021/02/22 00:00,4,8f994cbb4a18558c2e81516ef1e339d9c8fa0d41,4903,11255,5424,388097,40787,23023,9701,6033,64266,11722,37279,1989,11869,164779,147868,10377,45859,151431,8946,7058,3665,1621,5607,252111,257238,66808,66344,148337,5123,9865,37039,147826,2190,22829,6916,11173,7692,15926,11347,11948,19434,2803,2623,29948,230,5029,8484,9935,2546,10646,20131,17798,30332,43896,51646,5087,6638,32487,4954,10809,7395,11241,14705,10888,15385,3398,6578,173910,22183,9558,152607,10371,11610,15497,11628,219809,7442,26829,45184,10136,12401,159229,10136,205937,3233,19493,1996,3209,8552,2805,21748,42907,7759,3261,1111,3538,99093,22155,135145,5419,35866,6299,6632,41117,22956,11919,36923,1922,142431,167517,30608,3621,26552,3158,67211,27453,7624,15680,15677,9402,20258,29895,810732,7844,173000,188543,13927,225468,26979,45056,13215,156249,204174,2462,6033
2021/02/23 00:00,17,999d3b89b6df14a5ccb94ffc2ffadb82964e9f7d,4454,8758,3455,377611,35787,21007,8082,3969,31222,6759,31381,1180,10318,149467,136061,8965,42391,146895,7752,5148,1879,1630,5684,243654,247806,63254,63390,143900,3629,8259,25226,142841,2094,13727,3443,6764,5526,11018,9681,10090,14504,2696,2764,28273,241,3002,6167,5790,1716,8537,17676,15883,25903,41485,48808,2942,4530,27568,2984,6390,5713,6612,12290,6685,11542,2567,4566,168462,18184,7346,147133,8825,6123,11298,7337,219718,5283,21137,36250,5775,7678,158675,8091,203975,2949,17518,1510,2964,7814,2126,16838,24423,5709,1675,941,2019,97165,20914,131992,3261,31474,4307,4793,35363,20656,7072,31559,1130,129505,154445,23415,1899,26147,3095,65758,22363,5394,10858,10837,7702,18088,25628,806243,5899,171680,182610,9627,223778,21071,36126,8356,154211,201218,1858,4151
2021/02/24 00:00,6,4a3200b08ac3e7733b5a3dc7271d35e6872c5967,4434,8744,3405,377037,35327,20856,8077,3882,31007,6663,31422,1184,10197,150349,136403,8715,42027,146399,7683,5113,1933,1614,5626,243351,249255,64127,63535,144749,3618,8247,25412,143255,2044,14010,3504,6859,5654,11149,9629,10155,14717,2830,2865,28319,249,3044,6169,5842,1769,8555,17831,16207,25828,41680,48519,3040,4579,27585,3040,6527,5859,6974,12554,6719,12085,2657,4561,168332,18268,7345,155311,8693,6466,11394,7385,218430,5154,21084,36260,5721,7575,159349,8075,205154,2901,17292,1484,2938,7946,2046,16776,24149,5764,1706,970,2045,97643,20528,132799,3256,31526,4392,4834,35675,21180,6983,31287,1133,130175,155729,23553,1937,25223,3164,65905,22226,5351,10639,10580,7829,18053,25601,809117,5785,171974,183491,9690,222479,21066,36055,8398,154368,203955,1851,4151
2021/02/25 00:00,14,67ec4f7f67dc494c2619b7faf1b1145f2200b65c,4475,8816,3447,377819,35389,20937,8016,3888,31070,6862,31604,1180,10270,149216,135330,8759,42324,148137,7715,5035,1848,1673,5712,243435,247388,64698,64067,143814,3634,8223,25221,143503,2024,13838,3534,6817,5605,10918,9573,10096,14620,2834,2874,28292,247,3017,6229,5810,1748,8442,18128,15787,26058,41050,48934,3014,4573,27835,3057,6526,5768,6858,12588,6693,11932,2672,4555,169096,18033,7436,148718,8575,6496,11438,7323,218006,5230,21019,36475,5781,7558,153277,8126,194661,2904,17352,1555,2952,7968,2056,16661,24381,5695,1682,929,2029,96672,20467,130219,3210,31346,4334,4768,35927,20787,7129,32173,1167,131117,154944,23254,1930,24195,3090,65778,22266,5380,10450,10435,7577,17801,25581,804170,5918,169555,183982,9817,224937,20929,35952,8601,152268,198639,1685,4345
2021/02/27 00:00,7,54c053afb0c9d3fcc7ac311100c8db9deeb163c0,4466,8824,3474,376293,35671,20964,8043,3873,31187,6688,31333,1226,10295,149953,136577,8777,43015,147947,7710,5133,1924,1673,5731,242411,246479,64244,63960,143911,3594,8172,25242,143993,2012,13841,3269,6752,5503,10655,9609,10147,14581,2785,2801,28590,250,2994,6103,5792,1772,8599,17714,15988,26111,41636,50168,2976,4528,27817,3026,6397,5701,6605,12289,6505,11648,2574,4466,168159,18146,7199,150106,8710,6145,11266,7421,218320,5220,20950,36599,5735,7674,150804,8073,193994,2921,17634,1538,2942,8098,2119,16954,24412,5726,1591,925,1967,96863,20367,131069,3246,31485,4315,4792,36047,20601,7047,31152,1133,130055,153697,23460,1882,24578,3132,64936,22718,5393,10491,10417,7721,18165,25698,827240,5859,164135,182326,9699,224288,20934,36186,8651,151194,199473,1685,4087
2021/02/28 00:00,11,85b50d42586be2f3f19c7d94a8aa297215ebfbc2,4436,8923,3410,380623,35545,21009,8064,3899,31048,6664,31406,1182,10281,149307,135346,8838,42172,146229,7723,5132,1904,1615,5658,243185,248312,62734,62583,143780,3685,8112,25084,143052,2069,13874,3415,6777,5613,10988,9621,10066,14566,2872,2763,28449,231,3066,6189,5831,1778,8458,17828,16399,25990,42010,49055,3046,4595,27746,3008,6527,5853,6873,14833,6691,11942,2693,4546,169676,18249,7249,148918,8573,6176,11344,7204,222296,5188,21040,36140,5743,7363,157028,8076,201981,3007,17632,1491,2933,7834,2104,16814,24423,5781,1678,960,2036,97814,20540,133227,3508,31628,4362,5064,35832,20587,7210,31453,1138,128450,153861,23447,1890,24620,3054,65512,22161,5382,10567,10519,7606,17875,25683,809062,5812,169997,184339,9801,225089,21048,36198,8461,152650,204482,1847,4201
2021/03/01 00:00,9,2e54d68eb94cf39b59166f2b1bbb8f6c317760b8,4382,9256,3402,378967,35925,20959,7944,3882,30849,6756,31526,1186,10242,150523,135905,8664,42351,145705,7846,5081,1935,1633,5687,243588,251589,64174,63694,144687,3588,8212,25102,143842,2090,13831,3405,6763,5618,11088,9531,9917,14532,2882,2875,27952,234,3013,6201,5713,1739,8505,18009,15985,25791,40987,49183,2975,4590,27563,3010,6502,5831,6909,12194,6709,12036,2660,4529,169281,18243,7274,149066,8541,6089,11305,7263,220539,5170,20714,37006,5727,7321,157524,8050,198963,2892,17315,1490,2995,8000,2132,16717,24210,5752,1650,939,2025,97909,21076,134049,3297,33137,4285,4822,35316,20357,7022,31273,1120,131600,155302,23452,1864,24362,3077,64561,22630,5420,10772,10919,7832,17753,25591,810015,5869,168693,184216,9727,226902,20855,36184,8533,152732,200379,1669,4301
2021/03/02 00:00,14,b01dd12805f7b40318f183ee48bc0012bb4e847f,4352,8791,3423,377536,35473,20991,8029,3878,30809,6692,31173,1185,10239,148078,134298,8818,42746,146164,7530,5071,1852,1635,5724,240939,247356,65065,64569,145625,3606,8173,25071,143890,2071,13857,3462,6750,5441,11046,9685,10054,14418,2790,2725,28878,245,2958,6165,5710,1709,8534,17522,15961,25745,41449,49070,2992,4531,27582,2947,6406,5688,6570,12088,6567,11727,2559,4536,171407,18276,7496,153098,8649,6051,11139,7331,219227,5193,21554,36048,5734,7798,156675,8086,198544,3048,17510,1536,2952,7728,2100,16852,24262,5650,1578,1001,1994,99488,21122,131614,3199,33260,4296,4741,35448,20704,7124,31543,1111,130268,154280,23308,1887,24630,3043,65491,22789,5336,10649,10626,7714,18061,25456,807879,5733,170173,183320,9782,225202,20911,36123,8395,152296,197838,1678,4132
2021/03/03 00:00,11,e7e016192f882cfb430d706c2099e58e1bcc014c,4391,8645,3369,356890,35128,21483,7924,3865,30840,6825,31808,1157,10221,149978,136051,8571,42127,147401,7536,5108,1878,1609,5671,244024,248521,64615,64397,145137,3609,8188,25164,142511,2068,14003,3427,6790,5564,11297,9696,10131,14602,2894,2788,28410,233,3024,6148,5756,1752,8479,17756,16017,25828,41276,48972,2998,4557,27505,2997,6475,5948,6768,12390,6606,11834,2641,4550,168368,18579,7236,150020,8536,6304,11309,7218,219462,5210,20895,36208,5727,7708,160012,8129,201467,2945,17393,1492,2926,7931,2101,16738,24271,5617,1578,937,2041,97110,21104,129808,3214,32770,4354,4837,35185,21061,7217,31580,1126,130271,154906,23667,1913,24752,3132,65293,22726,5505,10880,10923,7791,17919,25518,803851,5894,173520,183993,9702,225674,21065,35895,8320,151589,199124,1714,4120
2021/03/04 00:00,11,654f19dfd7f25cce811670b9f87c65f423eda58f,4396,8767,3400,376888,35153,21034,8015,3908,31054,6770,31613,1205,10313,149406,136042,8768,42422,147296,7456,5060,1858,1634,5690,245094,248738,63468,63506,143428,3596,8282,25164,142174,2083,13800,3420,6765,5625,10777,9706,9810,14649,2896,2805,28356,236,3026,6173,5810,1753,8488,17901,16001,25649,41766,48751,3003,4571,27409,3004,6437,5795,6878,12187,6636,11970,2669,4555,169207,18188,7160,151037,8587,6367,11449,7281,218721,5257,21027,36114,5734,7582,151685,8104,195236,2885,17379,1466,2923,7883,2087,16769,23992,5752,1568,939,1853,96856,20514,131961,3216,31708,4299,4871,35165,20388,7077,31680,1129,136498,162539,23512,1904,24268,3110,69060,22754,5411,10538,10469,7659,18292,25338,809239,5860,172201,184314,9727,223115,21058,36035,8343,154694,200755,1673,4119
2021/03/05 00:00,4,1a9722420eda672f42c1d1e81baa6d6c40126df7,4320,8698,3375,379305,35664,20835,8003,3878,30919,6812,31156,1176,10190,150555,136987,8711,42735,146749,7544,5036,1919,1662,5563,242865,247504,62951,62775,143848,3623,8193,25034,143909,2029,13764,3425,6759,5440,10836,9763,10169,14410,2708,2625,28296,246,2966,6252,5784,1767,8683,17559,15837,25838,41827,48336,3146,4525,27592,3130,6368,5719,6554,12506,6465,11548,2623,4505,168871,18076,7247,151262,8708,6553,11066,7225,218988,5147,21140,36438,5742,7457,150617,8137,194866,2932,17428,1496,2933,7650,2038,16683,24204,5715,1548,901,1976,97849,21043,131711,3190,31748,4238,4836,35244,20555,7082,31195,1133,129519,154959,23790,1897,24575,3097,64305,22654,5426,10464,10419,7739,17950,25535,809660,5889,172795,182803,9805,223787,21141,35886,8309,152427,200401,1707,4056
2021/03/06 00:00,5,9ec8696f117a5c43d24aae3188f07ddd91b69d2d,4328,8783,3408,376345,35532,21146,8101,3903,30694,6612,31251,1182,10246,150660,136876,8614,42555,146239,7662,5045,1928,1615,5651,242592,247209,64457,63692,144746,3666,8202,25252,142885,2140,13930,3478,6886,5593,11019,9591,9840,14512,2812,2893,28056,231,3140,6189,5705,1752,8427,18036,15964,25784,41463,49124,3001,4609,27527,3029,6479,5773,6816,12451,6646,11983,2686,4515,167038,17990,7295,148370,8537,6228,11240,7196,217430,5199,20992,36032,5725,7592,149685,8096,192438,2979,17397,1498,2988,7622,2036,16767,24208,5722,1595,922,1822,97244,20643,130981,3201,31731,4305,4787,35620,20474,7024,31919,1139,130265,155201,23633,1885,24918,3117,65619,22264,5405,10613,10471,7739,18120,25567,805447,5835,168375,184435,9767,226590,21134,36148,8278,152323,200586,1651,4273
2021/03/07 00:00,6,f340857757034ac955862b34e60322ca5ee81758,4429,8711,3411,382835,35174,21137,7900,3872,30837,6709,31704,1193,10548,153406,137166,8624,42122,145838,7614,5085,1846,1624,5660,243354,248691,63592,63440,143850,3678,8121,25046,143137,2025,13727,3403,6781,5396,10903,9659,9929,14574,2749,2777,28169,245,2943,6308,5719,1729,8713,17705,16005,25744,41291,47974,3102,4544,27574,2986,6391,5796,6593,12874,6536,11530,2670,4473,170338,18065,7322,148198,8616,6472,11080,7287,218335,5159,20966,36023,5742,7759,152596,8073,198335,3103,17441,1545,2927,7775,2029,16805,24217,5753,1553,917,1793,96044,21024,133528,3230,31229,4259,4889,35111,20533,7052,31610,1132,128864,153497,23289,1857,24405,3050,64852,22008,5308,10457,10460,7521,18177,25672,804732,5786,171165,182894,9730,223014,20909,36093,8567,154121,201587,1728,4192
2021/03/08 00:00,10,2fd85174e9423673edec5ecb1f1c402ec33472fe,4269,8813,3390,380305,35587,20974,8017,3889,30926,6635,31481,1183,10185,150024,136209,8671,42036,147356,7571,5094,1883,1620,5701,243899,247699,64161,63743,143303,3647,8109,25042,143164,2048,13874,3442,6797,5602,11149,9557,9910,14656,2870,2844,28201,243,3012,6286,5826,1757,8542,17929,16222,25894,41244,48789,3021,4567,27540,3054,6561,5781,6837,12395,6672,12028,2688,4543,168534,18150,7373,149512,8608,6235,11394,7258,220625,5121,21171,36068,5717,7553,157244,8029,199313,3015,17403,1531,2941,7991,2127,17075,24095,5752,1560,940,1815,97155,20402,132224,3222,32302,4330,4816,35640,20911,7110,31435,1113,129832,155063,23435,1863,20053,3096,65580,22674,5419,10632,10574,7637,17986,25629,804632,5710,168656,183873,9743,223408,20988,36048,8378,152461,202946,1664,4091
2021/03/09 00:00,3,fd4843803c4670c656a94c1af652fb4b945bc82c,4347,8840,3469,377422,35438,21015,7914,3889,30723,6638,31102,1177,10302,149534,135537,8732,42957,147562,7895,5067,1881,1646,5637,243437,247525,64082,63495,143962,3628,8180,25018,143467,2080,13692,3386,6789,5482,10919,9519,10005,14716,2700,2629,28261,230,3127,6136,5814,1678,8651,17868,15668,25817,41137,48919,2964,4471,27684,3062,6429,5764,6499,12130,6617,11584,2613,4460,168032,18315,7356,154267,8626,6232,11284,7250,220103,5166,20849,35915,5688,7571,150561,8038,194376,2944,17333,1466,2941,7783,2030,16820,23958,5703,1551,986,2073,96984,21283,130520,3231,33019,4301,4816,35237,20599,6869,31473,1122,132753,156539,23581,1880,20097,3086,65385,22746,5382,10769,10837,7565,17787,25524,802183,5975,172724,184418,9715,225153,21054,35828,8347,152809,200812,1689,4101
2021/03/10 00:00,10,da086a8ea3d53fe47ad134ddef1989268c0c4ec3,4379,8758,3423,377324,35530,20808,7951,3838,30714,6657,31331,1164,10205,149488,135638,8562,42271,148032,7786,5105,1868,1608,5681,246130,252385,65299,64700,144122,3660,8163,25040,144404,2057,13814,3409,6753,5555,11017,9655,10036,14579,2828,2781,28824,242,2989,6186,5784,1795,8439,17780,15844,25761,41827,49177,3038,4530,27697,2999,6506,5905,6838,12418,6605,11868,2688,4523,167355,18207,7290,147449,8368,6216,11314,7194,224159,5141,20959,36233,5703,7561,161274,8085,203916,2883,17331,1488,2670,8003,2067,16680,24217,5645,1556,914,1833,96710,20495,132777,3254,32314,4265,4789,35048,20588,7041,31572,1146,130160,155315,23381,1869,20330,3090,65983,22138,5414,10488,10508,7711,18199,25435,805420,5932,169646,183714,9676,223622,20991,36291,8610,152563,199912,1708,4294
2021/03/11 00:00,9,4f1e434ec57070b52b28f98c66b53ca6ec4de7a4,4396,8746,3395,382602,35316,20803,7976,3856,30847,6704,31344,1161,10256,150154,137356,8727,42512,147858,7700,5059,1880,1656,5673,243201,247340,64132,63711,144065,3656,8174,25052,141724,2045,13731,3421,6770,5570,11045,9711,10091,14637,2895,2829,28098,238,3034,6137,5804,1727,8451,17986,15959,25893,40907,48909,2993,4572,27658,2963,6453,5872,6969,12130,6685,11960,2653,4562,169281,18083,7245,149225,8507,6181,11401,7229,223813,5201,21056,36213,5725,7402,149464,8161,193590,2998,17387,1482,2975,7997,2048,16863,24268,5737,1540,890,1834,97256,20845,132253,3466,33027,4275,4779,35528,20588,7032,31247,1136,131453,155602,23245,1901,19869,3092,64843,22583,5332,10682,10451,7686,18158,25523,801519,6059,168993,183920,9651,224370,21029,35833,8332,153666,200486,1687,4094
2021/03/12 00:00,1,86baa36eebf72b72981830ddb8085950507a4bfa,4423,8760,3377,378084,35531,20937,7940,3883,30848,6712,31188,1183,10301,149400,134907,8823,42237,146293,7555,5078,1900,1678,5661,239932,249347,63896,63922,145327,3669,8162,24993,142550,2048,13652,3279,6667,5442,10815,9581,9500,14421,2792,2740,27820,255,2994,6059,5717,1735,8699,17558,15874,25351,40610,48887,2928,4504,27055,2974,6447,5833,6591,12207,6501,11663,2577,4486,166822,18100,7350,154637,8786,6043,11104,7171,218874,5120,21319,36170,5704,7395,157549,8037,200027,3034,17362,1527,3011,7971,2125,16824,24204,5703,1566,912,1996,96700,21073,129376,3198,31887,4283,4783,35746,20851,7052,31403,1155,130824,155769,23221,1818,20054,3138,65208,22490,5377,10456,10487,7603,18208,25582,805795,5945,169506,183754,9845,222328,20932,36180,8525,153860,199876,1675,4106
2021/03/13 00:00,3,1e060312a33d4a29bde350d0defc25426413b4d7,4395,8750,3425,379707,34927,20566,8034,3876,30838,6673,31350,1179,10310,148961,134867,8869,42390,145993,7510,5017,1898,1681,5705,246814,247645,64439,63979,144416,3610,8223,25045,142837,2178,13709,3437,6717,5461,10970,9630,10101,14580,2680,2689,28085,245,2978,6095,5708,1691,8610,17841,15799,25801,41456,49476,2962,4521,27562,2991,6381,5761,6587,12061,6458,11538,2607,4473,167934,18369,7298,149994,8650,6098,11112,7312,219076,5210,20938,36218,5693,7564,158740,8123,200665,2867,17349,1490,2985,7999,2058,17027,24309,5759,1537,940,2017,98050,21310,131592,3241,33187,4234,4778,36233,20577,6918,31341,1108,130123,155167,23456,1950,20133,3099,66469,22563,5358,10446,10405,7715,18038,25554,802722,5919,169188,185235,9576,224586,20879,36174,8309,152715,201339,1679,4233
2021/03/14 00:00,6,9809a2f1c5187205c81542dbdc84b71db535f6e1,4430,8808,3391,379176,35205,21206,8000,3895,30977,6757,31688,1200,10204,150560,136424,8750,42898,146345,7555,5074,1843,1692,5670,243379,248116,64040,63735,143154,3668,8139,25036,143128,2069,13867,3448,6827,5564,11074,9596,10032,14612,2853,2833,28437,232,3017,6201,5724,1758,8471,17839,16016,26063,42049,48617,3028,4599,27629,3015,6531,5861,6927,12357,6717,11959,2667,4563,168185,18278,7258,149099,8465,6153,11496,7307,220300,5127,21098,36304,5773,7352,158244,8153,200007,2947,17240,1500,3240,7768,2122,17044,24377,5759,1533,965,1809,97349,21081,131934,3245,31492,4256,4789,35237,20697,7243,31729,1130,129560,152859,23540,1870,20069,3075,65173,22599,5391,10486,10619,7688,17948,25634,804095,6033,170188,185006,9677,225526,21073,36196,8489,152250,199969,1677,4229
2021/03/15 00:00,5,cef665004847c4cc2c5b0be9ef29ea5510c0922e,4432,8590,3391,376648,35834,21185,8066,3912,30764,6625,31295,1192,10153,150641,136363,8845,42277,146387,7624,5006,1925,1657,5726,244364,247803,64824,64314,145044,3605,8264,25050,143678,2031,13814,3434,6690,5471,10972,9670,9809,14546,2741,2639,28147,247,3000,6097,5743,1751,8637,17455,16049,25740,42546,49113,2996,4458,27520,2983,6396,5673,6546,12038,6572,11649,2590,4443,168944,18015,7207,148230,8656,6212,11251,7181,219405,5118,20873,36218,5677,7604,160093,8049,202643,2936,17262,1518,2940,8039,2074,16700,24211,5648,1578,933,2005,97851,21090,131044,3188,33191,4323,4750,35476,20711,7182,31448,1133,130926,155261,23412,1905,19116,3059,65981,22235,5390,10680,10924,7689,18030,25508,828319,5848,170085,183389,9779,227777,20820,35923,8643,153009,200817,1679,4232
2021/03/16 00:00,11,569fb133d09e24e4ed56ed7efff641512d98b01b,4401,8885,3424,376269,35123,21508,7976,3925,30757,6607,31522,1176,10435,148435,134133,8765,42245,145933,7631,5070,1918,1672,5599,242875,249648,64111,63809,144388,3666,8217,25063,142816,2129,13881,3272,6801,5642,11063,9565,9924,14592,2942,2844,28339,232,3001,6059,5700,1761,8489,17861,15709,25884,41302,49377,3007,4540,27412,3040,6457,5772,6753,12319,6671,11925,2674,4510,169393,18011,7254,148992,8483,6198,11302,7445,220378,5229,20963,36101,5729,7634,157314,8076,201392,2944,17469,1474,2956,7740,2051,16824,24401,5618,1558,926,1874,96680,20396,132178,3250,31529,4287,4813,35307,21036,7096,31553,1149,132747,155658,23639,1845,20148,3073,64716,22687,5344,10705,10757,7697,17947,25621,809292,5871,172897,183209,9733,222933,21166,36070,8507,152981,201009,1709,4139
2021/03/17 00:00,8,5570f817b2862c2680546f35c412bb06779ae1c9,4467,8716,3371,378418,35705,20996,8041,3887,30938,6724,31302,1172,10092,148515,135062,8732,42206,145532,7697,5067,1920,1646,5612,240074,246246,63796,63615,143834,3617,8157,24985,143744,2055,13779,3387,6788,5602,10742,9629,10105,14569,2913,2908,28155,255,2970,6131,5729,1773,8520,17763,15868,26034,41778,49358,3010,4529,27676,2978,6473,5871,6869,12441,6651,11932,2657,4523,168793,18213,7251,148505,8532,6087,11421,7354,218905,5172,20918,36188,5693,7400,156730,8050,199019,2876,17391,1523,2977,7852,2125,16642,24370,5645,1518,934,2010,95979,20518,132914,3195,32122,4205,4804,35332,21047,7177,31627,1141,129869,153891,23114,1892,19993,3058,65199,22925,5384,10664,10604,7709,17983,25505,808139,5913,171658,183313,9753,223657,21103,36252,8511,153167,200713,1697,4346
2021/03/20 00:00,21,3bc6fe4e77e1791c0a20387240e93d0175e0fade,4379,8772,3442,378529,35086,21272,8054,3855,30857,6607,31508,1197,10226,149871,136380,8583,42278,147122,7565,5138,1880,1632,5625,241613,247916,64417,63960,145101,3684,8330,25102,144252,2107,13705,3444,6759,5458,11238,9632,9846,14567,2771,2617,28068,229,2983,6118,5753,1728,8676,17835,15690,25878,41192,48994,2968,4510,27228,2947,6437,5733,6521,12090,6606,11602,2583,4533,168209,18163,7293,148606,8600,6315,11088,7230,218233,5181,20769,35954,5673,7510,151316,8076,193934,2907,17465,1478,2976,8054,2063,16822,23969,5774,1545,936,1989,96446,21034,132084,3249,31954,4287,4820,35205,20885,7112,31534,1102,129689,154911,23506,1909,20271,3106,66091,22323,5396,10581,10564,7654,17966,25543,815882,5851,175772,183304,9675,222109,21165,36115,8620,154866,202578,1729,4095
